,報導內容,Relativity,我的室友是九尾狐,模範計程車,大發不動產,遺物整理師,哲仁王后,如蝶翩翩,女神降臨,怪物,屍戰朝鮮,MOUSE,黑道律師文森佐,朝鮮驅魔師,愛的迫降
0,foryoustarborderCOVID19··收視不高但網播量超狂的韓劇《無法抗拒的他》一度進Netflix世界第7而它曾是全球第5BEAUTY美人圈15小時前bookmarkbordersharemorevert2021下半年韓劇必追清單全智賢李英愛宋慧喬孫藝真韓劇女神回歸哈潑時尚7月16日bookmarkbordersharemorevert2021八月韓劇追劇時刻表車太鉉Krystal《警察課程》金宣虎申敏兒《海岸村恰恰恰》不怕鬧劇荒哈潑時尚7月30日bookmarkbordersharemorevert2021Netflix韓劇推薦》不只《機智的醫生生活》10部大人才能看懂的催淚經典治癒你疲憊的心風傳媒7月20日bookmarkbordersharemorevert8月韓劇推薦Top7金裕貞安孝燮奇幻愛情劇《紅天機》丁海寅《DP狗之日》強勢回歸|Bellatw儂儂Bella儂儂3天前bookmarkbordersharemorevert2021Netflix韓劇推薦》10部網友最喜歡的熱門片單公開高潮迭起的反轉劇情包你看了停不下來風傳媒7月20日bookmarkbordersharemorevert近期話題韓劇Top10《無法抗拒的他》第五這部打敗《上流戰爭3》《機智醫生》奪冠BEAUTY美人圈19小時前bookmarkbordersharemorevert網議最希望二搭的韓劇CP玄彬孫藝真李鍾碩韓孝周都上榜李棟旭劉寅娜網求三搭BEAUTY美人圈5天前bookmarkbordersharemorevert2021韓國業界票選韓劇女演員選角TOP5排行宋慧喬排第三冠軍竟然是她ELLE7月23日bookmarkbordersharemorevert8月韓劇車太鉉丁海寅都來了金宣虎秀好身材引暴動|噓短片｜噓星聞udn噓星聞昨天bookmarkbordersharemorevert2021下半年愛奇藝韓劇推薦片單公開池珍熙柳俊烈金高銀下半年重磅回歸BEAUTY美人圈6天前bookmarkbordersharemorevert影／看一集台劇就迷上韓歐巴讚許多韓劇都比不上Yahoo奇摩3天前bookmarkbordersharemorevert《女神降臨》收視破2稱霸2021全台韓劇榜一二名都有她ETtoday星光雲4天前bookmarkbordersharemorevert2021年業界票選韓劇男演員選角TOP5他獲最高票打敗宋仲基玄彬金秀賢ELLE7月21日bookmarkbordersharemorevert【2021下半年必追20部韓劇】孔劉宋慧喬金秀賢韓孝周金多美重量級大咖齊回歸Yahoo奇摩7月7日bookmarkbordersharemorevert《機智牢房生活》小迷糊《Voice4》連續殺人魔都是他李奎炯12部代表作特別出演韓劇推薦哈潑時尚3天前bookmarkbordersharemorevert徐玄振金東旭Netflix韓劇《你是我的春天》5大看點驚悚懸疑愛情療癒首播即迎來大反轉哈潑時尚7月9日bookmarkbordersharemorevert8月開播韓劇清單秀晶金裕貞新劇都將開播申敏兒金宣虎《海岸村恰恰恰》月底首播BEAUTY美人圈昨天bookmarkbordersharemorevert推薦十大韓劇人氣【2021年最新版】Yahoo奇摩7月14日bookmarkbordersharemorevertJTBCMBC韓劇收視慘淡2021下半年待播韓劇推薦南宮珉成希望宋仲基孫藝珍回歸BEAUTY美人圈7月26日bookmarkbordersharemorevert全智賢當過女團練習生韓劇女星女團時期舊照徐玄振好青澀她號稱歷代最美門面beauty美人圈6天前bookmarkbordersharemorevert韓劇《羽球少年團》彩蛋奧運金牌李龍大首度跨刀戲劇圈Yahoo奇摩16小時前bookmarkbordersharemorevert韓網熱議7部tvN代表韓劇《請回答》是開台功臣《鬼怪》《愛的迫降》經典必看BEAUTY美人圈7月23日bookmarkbordersharemorevert韓劇中被美到的短髮明星《惡魔法官》朴珪瑛金瑞亨又颯又美這位是公認短髮範本BEAUTY美人圈6天前bookmarkbordersharemorevert2021必追韓劇《機智醫生生活2》《無法抗拒的他》精選6部超夯韓劇清單|品味生活|品味經濟日報7月23日bookmarkbordersharemorevert居家防疫生活不怕劇荒這幾齣大勢韓劇回歸別錯過|生活|生活|聯合網UDN聯合網7月16日bookmarkbordersharemorevert東京奧運︱盤點運動題材韓劇必追熱血追夢作《舉重妖精金福珠》香港0112小時前bookmarkbordersharemorevert8位醫療韓劇男主角柳演錫李鍾碩勤健身虐出流氓寬肩及性感鯊魚線這種醫生哪裡找udnSTYLE5天前bookmarkbordersharemorevert機醫Voice4都有他李奎烔歷年韓劇推薦《機智牢房》小迷糊《鬼怪》渣男都是經典BEAUTY美人圈3天前bookmarkbordersharemorevert【瘋奧運】15部有關運動韓劇推薦李聖經舉重朴敘俊拳擊南柱赫游泳一起熱血Yahoo奇摩7月29日bookmarkbordersharemorevert女神降臨飆人氣勇奪上半年度全台韓劇收視冠軍udn噓星聞7月16日bookmarkbordersharemorevert徐玄振新劇被評跌落神壇收視意外走低韓劇盤點玄彬孫藝珍都有小崩劇這部更實慘BEAUTY美人圈昨天bookmarkbordersharemorevertNetflix人氣韓劇《SweetHome》第二季傳2022上線宋江等原班演員將回歸預計今年底正式開拍哈潑時尚7月9日bookmarkbordersharemorevertNetflix2021下半年原創韓劇7部劇情+看點介紹全智賢孔劉劉亞仁丁海寅韓韶禧活屍驚悚太空科幻將登場MarieClaire美麗佳人6天前bookmarkbordersharemorevert無瑕美肌都是假象韓劇後製修圖高額費時引熱議盤點無需濾鏡的素顏美人與她們的保養祕訣udnSTYLE7月21日bookmarkbordersharemorevert張震加盟史上最貴韓劇飆戲河正宇黄晸玟雙影帝鏡週刊7月15日bookmarkbordersharemorevert韓劇女主角半路下車《還魂》劇組直白演技不好盤點那些被換角的韓劇女演員ELLE7月9日bookmarkbordersharemorevert7部高口碑職場韓劇推薦《直到瘋狂》開播獲好評《未生》《BlackDog》超寫實必追BEAUTY美人圈7月27日bookmarkbordersharemorevert《惡魔法官》池晟主演韓劇推薦《被告人》獲獎無數《KillMeHealMe》經典必追BEAUTY美人圈4天前bookmarkbordersharemorevert【影片】韓劇《VOICE4》大結局收視破紀錄前季大魔王驚悚客串登場Yahoo奇摩5天前bookmarkbordersharemorevert韓網票選最登對韓劇螢幕情侶TOP5迫降CP玄彬孫藝珍落榜冠軍是8年前經典神劇組合Yahoo奇摩7月12日bookmarkbordersharemorevert【韓劇解析】《惡魔法官》環環相扣政治高官一一擊潰權勢金字頂端多多看電影8小時前bookmarkbordersharemorevert2021大勢小鮮肉蔡鍾協連演四部熱門韓劇合作朴信惠宋智孝結實腹肌讓人印象深刻臺灣新浪網7月22日bookmarkbordersharemorevert2021上半年有線台韓劇收視TOP10百想大贏家《怪物》竟沒入榜tvN作品霸榜前三超狂BEAUTY美人圈7月25日bookmarkbordersharemorevert韓劇《無法抗拒的他》19禁吻戲床戲花絮合集宋江韓韶禧自己看了都害羞這真的能播嗎ELLE7月13日bookmarkbordersharemorevert2021有線台韓劇收視榜公開tvN靠《機醫》《文森佐》連奪前三成最大贏家這部狗血神作連兩季登榜udnSTYLE7月14日bookmarkbordersharemorevert韓劇定情物收起來我的室友是九尾狐超甜愛心項鍊UDN聯合網7月22日bookmarkbordersharemorevert假設人人皆可參與審判會怎樣韓劇《惡魔法官》劇情峰迴路轉教你怎麼用法律跟拳頭教訓權貴GQTaiwan7月22日bookmarkbordersharemorevert在家防疫不怕劇荒2021不能錯過10大韓劇你看了沒HiNet社群7月14日bookmarkbordersharemorevert韓劇《我的室友是九尾狐》結局7大彩蛋張基龍惠利狂撒糖男友柳俊烈劇外每集監督太甜ELLE7月16日bookmarkbordersharemorevert韓劇都愛用韓國人必買4大MIT好物Yahoo奇摩7月10日bookmarkbordersharemorevert喜愛醫療劇韓劇迷別錯過今夏必追《機智醫生生活2》Yahoo奇摩7月23日bookmarkbordersharemorevert東京奧運場上必看亮點韓劇男主角等級的高顏值盤點五位韓國帥哥運動員VOGUE時尚網3天前bookmarkbordersharemorevert張基龍驚爆8月入伍《現在分手中》宋慧喬幽默為張基龍送行哈潑時尚7月26日bookmarkbordersharemorevertNetflix韓劇《你是我的春天》收視飆高《與神同行》金東旭攜手徐玄振共譜療癒浪漫故事2021最溫暖演出|Bellatw儂儂Bellatw儂儂7月8日bookmarkbordersharemorevert迫降CP沒上榜韓劇螢幕情侶第1名是這對Yahoo奇摩7月9日bookmarkbordersharemorevert2021經歷換角的韓劇盤點《蔚藍春天》學長原本不是裴仁赫這兩部劇換角後都被大讚BEAUTY美人圈4天前bookmarkbordersharemorevert全智賢《智異山》萬眾期待2021tvN下半年韓劇Top6金高銀漫改新作《柔美的細胞小將》9月登場|Bellatw儂儂Bellatw儂儂7月13日bookmarkbordersharemorevert戲裡戲外都相信愛情申高恩拍出真愛年初嫁尹鍾和鏡週刊5天前bookmarkbordersharemorevert秀智將主演韓劇《第二個安娜》挑戰雷普利症候群化身人格障礙愛說謊的壞女孩BEAUTY美人圈7月18日bookmarkbordersharemorevert宋智孝新劇濃妝認不出韓劇女神濃妝／淡妝對比宋慧喬李智雅差異大這位還是美翻BEAUTY美人圈7月16日bookmarkbordersharemorevert看韓劇挑墨鏡《我是遺物整理師》李帝勳與《大發不動產》張娜拉的選擇是它鏡週刊7月9日bookmarkbordersharemorevert韓劇女神評價兩極造型《屍戰朝鮮》全智賢短髮網不愛宋智孝曾被嘲像80年代大媽BEAUTY美人圈7月30日bookmarkbordersharemorevert車銀優理想型曝光羞喊2韓劇女神求合作中時網Chinatimescom7月11日bookmarkbordersharemorevert韓劇《宮》尹恩惠朱智勳在街上當眾KISS的場面這一幕隱藏的秘密時隔15年終於公開Yahoo奇摩7月19日bookmarkbordersharemorevert韓劇《直到瘋狂》中年人的職場求生記UDN聯合網7月15日bookmarkbordersharemorevert人設比主角更優的男二《無法抗拒的他》網求韓素希遠離渣男他2次被男二搶鋒頭衰爆BEAUTY美人圈3天前bookmarkbordersharemorevert李昇基×李熙俊主演韓劇窺探入圍法國SERIESMANIA2021臺灣新浪網7月12日bookmarkbordersharemorevert韓劇魔女造型盤點宋智孝IU好美艷金賽綸曾演過白髮魔女這位魔女更是經典BEAUTY美人圈7月22日bookmarkbordersharemorevert2021人氣韓劇小童星《機醫》羽朱超愛撒嬌《MOUSE》徐宇真金康勳超搶戲BEAUTY美人圈7月27日bookmarkbordersharemorevert韓劇《滅亡》完結後又火速回歸徐仁國接到了《美男堂》的新劇男主提案臺灣新浪網7月13日bookmarkbordersharemorevert活死人世界觀知名靈異韓劇《謗法》升級電影版《咒術屍戰》最新預告正式放送HYPEBEAST7月28日bookmarkbordersharemorevert演員鄭素敏被選為韓劇換魂女主人公加入拍攝臺灣新浪網7月8日bookmarkbordersharemorevertNetflix公布第2季業績亞太增長強勁韓劇重槌出擊孔劉扮太空人劉亞仁落《地獄》20210722明報網7月22日bookmarkbordersharemorevertNetflix上半年排名︱韓劇佔據亞洲榜韓國香港冠軍都是這一部香港017月7日bookmarkbordersharemorevert韓劇愛拍邪教題材終於也有四特徵害死教徒謀財還性侵ETtoday星光雲7月10日bookmarkbordersharemorevert金正恩再打壓韓劇禁年輕人說韓國流行語大紀元7月20日bookmarkbordersharemorevertNETFLIX2021下半年待播韓劇《屍戰朝鮮雅信傳》劉亞仁《地獄》每部都神劇預感BEAUTY美人圈7月23日bookmarkbordersharemorevert看劇等3個禮拜日韓劇東奧停播整理最美小三保證繼續播三立網7月23日bookmarkbordersharemorevert【有片】《咒術屍戰》斥資17億台幣打造熱門韓劇《謗法》升級電影版台定檔8月27日活屍大戰開打KSD韓星網4天前bookmarkbordersharemorevert《Voice4》大結局創下高收視李荷娜X宋承憲X李奎炯發表感言捨不得說再見TATKSD韓星網2天前bookmarkbordersharemorevert最美畢業照朴敏英IG曬學士照猶如青春女大生美貌身材都完美的30+瘦身保養法公開udnSTYLE5天前bookmarkbordersharemorevert專題韓劇男二竄紅裴仁赫黃寅燁人氣爆表自由7月19日bookmarkbordersharemorevert盤點7位非人類韓劇男主滅亡徐仁國九尾狐張基龍鬼怪孔劉練出冰塊腹肌的健身菜單與減脂飲食公開udnSTYLE7月11日bookmarkbordersharemorevert歌手李垠尚出演韓劇IDOL與金旻奎展開演技合作Yahoo奇摩7月20日bookmarkbordersharemorevert宋仲基電視劇新作女主角公開選定《機智醫生生活》張冬天ETtoday星光雲4天前bookmarkbordersharemorevertNetflix2021韓國區Top10《文森佐》《我的上流世界》都上榜前三名竟只有一部是韓劇udnSTYLE7月12日bookmarkbordersharemorevert2021Netflix醫療劇推薦》哪一部是你的8個療癒身心的經典神作看完負面情緒保證一掃而空風傳媒2天前bookmarkbordersharemorevert《三十九》主演行列不只孫藝珍田美都攜手韓國音樂劇女王金智賢共譜浪漫人生劇哈潑時尚2天前bookmarkbordersharemorevertBTS拍廣告年賺42億稱王《星星》金秀賢全智賢代言費冠絕韓劇界20210806明報網5小時前bookmarkbordersharemorevert韓劇《惡魔法官》被權力踐踏體制讓朴珍榮引發殺機多多看電影2天前bookmarkbordersharemorevert南韓切割泡菜譯名考倒韓劇NetflixfriDay謹慎討論ETtoday星光雲7月23日bookmarkbordersharemorevert製作組他韓網公開業界演員選角順位全智賢孫藝真金秀賢宋仲基竟掉出上位圈udnSTYLE7月12日bookmarkbordersharemorevert【明星幕後】柳演錫的9個故事被稱國民壞蛋經歷10年無名時期遇到《請回答》一夕爆紅ELLE7月19日bookmarkbordersharemorevert注意了《機智醫生生活2》下半部看點人物關係有改變反轉KSD韓星網1小時前bookmarkbordersharemorevert韓劇貴婦御用DELVAUX字母印花登場手工縫線躍上經典手袋|ETFashion|ETtoday雲ETtoday7月23日bookmarkbordersharemorevert宋承憲《Voice4》帥力不減時光倒轉20年合體宋慧喬孫藝珍元斌創造韓劇神話實在太經典MarieClaire美麗佳人7月11日bookmarkbordersharemorevert《屍戰朝鮮雅信傳》全智賢作品總盤點千頌伊穩坐韓劇NO1女主角野蠻女友經典神偷超騷珊卓布拉克翻演她的角色MarieClaire美麗佳人7月30日bookmarkbordersharemorevert他倆可能是韓劇史上最像的成人童年角色《遠看是蔚藍的春天》朴志訓＆徐宇真撞臉度100%KSD韓星網7月22日bookmarkbordersharemorevert姜河那李裕英《Insider》爆工作人員確診新冠肺炎拍攝全面中斷udn噓星聞7月9日bookmarkbordersharemorevert找不到結果韓劇信箱股市氣象運動名人購物中心商城拍賣影音汽車機車電影字典遊戲理財房地產時尚美妝折扣城電影明星電影專題報導影評第93屆奧斯卡金馬奇幻影展電視時刻追劇咖線上戲劇線上電影玩命關頭9暑假必追瑪格羅比詭老比得兔兔訂票客服中心戲院總覽電影時刻電視時刻快速訂票電影明星選擇片名請選擇片名青春第50屆日本全國高中棒球錦標賽甲子園夢想競技場合法伴侶雙面薇若妮卡經典數位修復人聲薄荷糖路卡的夏天驅魔禁區自殺突擊隊集結怪奇大廈太陽出來之後理髮師的男人經典數位修復破碎的瞬間罪之聲詭老淘寶少年小王子公主心LIPXLIP享受這世界的方法叢林奇航極速引爆手捲煙群青戰記宇宙特攻隊厲陰宅3是惡魔逼我的花束般的戀愛貝加爾湖隱居札記在這喧囂的世界一個人到西伯利亞森林住半年怪物奇兵全新世代韓國校園恐怖怪談點名沒到的學生燕尾蝶數位經典版野蠻糾碴隊失控的審判黑寡婦玩命鈔劫死亡漩渦奪魂鋸新遊戲名偵探柯南緋色的彈丸阿依達的救援行動一級任務真．鮫島事件聽見歌再唱永生戰殺戮輪迴真人快打誰殺了大個子警慌失措南巫當男人戀愛時無名弒愛情瞎攪禍波麗萊多里鬼屋揭大歡喜花漾女子東經北緯刺殺小說家複身犯我沒有談的那場戀愛湯姆貓與傑利鼠角頭–浪流連靈魂急轉彎惡童當街經典重映選擇地區查詢選擇分類請選擇分類西片國片戲劇綜合知性日本音樂卡通財經宗教選擇頻道查詢查詢選擇戲院請選擇戲院台北信義威秀影城台北華威天母影城MUVIECINEMAS台北松仁威秀台北樂聲影城台北in89豪華數位影城台北新民生戲院哈拉影城台北美麗華大直影城台北真善美劇院台北京站威秀影城梅花數位影城喜滿客絕色影城台北新光影城中和環球威秀影城林口MITSUIOUTLETPARK威秀影城喜樂時代影城永和店板橋大遠百威秀影城桃園in89統領影城桃園統領威秀影城桃園新光影城新竹巨城威秀影城新竹大遠百威秀影城頭份尚順威秀影城台中豐原in89豪華影城台中TigerCity威秀影城台中新時代凱擘影城台中大遠百威秀影城台中新光影城台南大遠百威秀影城台南FOCUS威秀影城台南南紡威秀影城台南真善美劇院台南新光影城高雄大遠百威秀影城高雄in89駁二電影院喜滿客夢時代影城中影屏東影城花蓮新天堂樂園威秀影城澎湖in89豪華影城選擇片名選擇日期選擇場次選擇數量查詢查詢電影台北票房榜全美票房榜榜叢林奇航故事描述一位名叫霍頓博士艾蜜莉布朗飾演發現了深藏在亞馬遜裡有著一顆擁有治癒神力的奇幻之樹而要取得這棵樹的神力必須帶著一個被人類收藏的神奇箭頭來解開它霍頓博士決定要深入叢林來一探這個傳說的究竟她找來了一個看似可靠但其實是個只想詐騙遊客的狡猾渡輪船長—法蘭克船長巨石強森飾演她雇用法蘭克載著自己與弟弟傑克懷特霍爾飾演前往叢林展開這場解開神秘傳說之謎的旅程 迪士尼樂園最受歡迎的人氣遊樂設施叢林奇航首度改編成電影將在2020年暑假搬上大銀幕了這趟神秘的叢林之旅要帶著大家進入一趟最驚險刺激的旅程過程中將會遇上許多危險恐怖的生物以及奇異的超自然現象新作融合《國家寶藏》般的驚險探險劇情加上《神鬼奇航》般的冒險旅程1叢林奇航2黑寡婦3厲陰宅3是惡魔逼我的4詭老5怪奇大廈6怪物奇兵全新世代7罪之聲8極速引爆9瀧澤歌舞伎ZERO2020THEMOVIE10花束般的戀愛統計2021073120210801叢林奇航故事描述一位名叫霍頓博士艾蜜莉布朗飾演發現了深藏在亞馬遜裡有著一顆擁有治癒神力的奇幻之樹而要取得這棵樹的神力必須帶著一個被人類收藏的神奇箭頭來解開它霍頓博士決定要深入叢林來一探這個傳說的究竟她找來了一個看似可靠但其實是個只想詐騙遊客的狡猾渡輪船長—法蘭克船長巨石強森飾演她雇用法蘭克載著自己與弟弟傑克懷特霍爾飾演前往叢林展開這場解開神秘傳說之謎的旅程 迪士尼樂園最受歡迎的人氣遊樂設施叢林奇航首度改編成電影將在2020年暑假搬上大銀幕了這趟神秘的叢林之旅要帶著大家進入一趟最驚險刺激的旅程過程中將會遇上許多危險恐怖的生物以及奇異的超自然現象新作融合《國家寶藏》般的驚險探險劇情加上《神鬼奇航》般的冒險旅程1叢林奇航2詭老3TheGreenKnight4黑寡婦5Stillwater6怪物奇兵全新世代7特種部隊蛇眼之戰8玩命關頭99密弒遊戲2勝者危亡10TheForeverPurge統計2021073020210801玩命關頭9馮迪索飾演的唐老大和莉蒂與他的兒子小布萊恩正在過著與世隔絕的平靜生活但是他們都知道這種平靜的生活隨時隨地都會受到致命危機的威脅這次這個威脅將逼迫唐老大面對他過去犯下的罪孽如果他想要拯救他的人們他的團隊將再度攜手合作槓上他們遇過最高竿的職業刺客和飆速車手並且阻止他摧毀全世界的邪惡計畫這個神秘人物也正好是早就被唐老大切斷兄弟關係的親弟弟雅各約翰希南飾 【電影】曾經執導《玩命關頭》第3集第4集第5集和第6集的華裔導演林詣彬回歸執導《玩命關頭9》他讓這個電影系列成為全球大賣的超級動作鉅片《玩命關頭9》這部全新系列電影中的動作場面橫跨全球從倫敦到東京從中美洲到愛丁堡然後從位於亞塞拜然的秘密地下碉堡一直到喬治亞共和國首都提比里斯車水馬龍熙來攘往的街頭這一路上老朋友將起死回生昔日的敵人將再度回歸歷史將被重新改寫而且家庭真正的意義也將受到前所未有的考驗再度回歸參與這部電影演出的堅強卡司包括蜜雪兒羅卓奎茲泰瑞斯吉布森路達克里斯喬丹娜布魯斯特娜塔莉艾曼紐姜成鎬以及奧斯卡影后海倫米蘭與莎莉賽隆曾經榮獲葛萊美獎肯定的當紅歌手和超級巨星卡蒂B在《玩命關頭9》一片中將飾演全新角色蕾莎一個和唐老大的過去有關聯的女子另外雷鬼動音樂巨星歐蘇納也在這部電影中客串演出1玩命關頭92叢林奇航3詭老4路卡的夏天5密弒遊戲2勝者危亡6自殺突擊隊集結7特種部隊蛇眼之戰8寶貝老闆家大業大9追憶人10汪汪隊立大功電影版統計20210806看看看電影原聲帶Cars3閃電再起★收錄葛萊美獎多項肯定TheBlackKeys藍調搖滾樂團主唱DanAuerbach鄉村搖滾天王BradPaisley等音樂巨星為電影量身訂作歌曲★吉他小清新JamesBay新生代靈魂女歌手AndraDay爵士巨匠LeaDeLaria翻作多首跨世代經典歌曲賦予全新面貌 電影界的傳奇動畫名廠皮克斯以1995年的《玩具總動員》系列打動全球數億人的心並且在之後接連以《蟲蟲危機》《怪獸電力公司》《海底總動員》《料理鼠王》《天外奇蹟》等知名動畫電影成功開拓出自己的王國在2006年皮克斯開發了全新系列動畫《Cars》締造出完全車子為主角的劃時代電影作品而2011年推出的續作《Cars2世界大賽》在全球總計賣出超過170億的驚人票房再次成功地將皮克斯推往高峰,0.9999999999977427,,0.9999999999977427,0.9999999999977427,,,0.9999999999977427,0.9999999999977427,0.9999999999977427,0.9999999999977427,,,0.9999999999977427,0.9999999999977427
1,睽違了6年皮克斯原班人馬回歸帶來了《Cars3閃電再起》在《Cars3閃電再起》中已成為世界知名超級巨星的主角閃電麥坤LightingMcQueen遇上了具有全新升級配備超跑賽車等級的無敵新秀暴風傑克森JacksonStorm為了不讓傑克森搶走風頭焦急無比的麥坤挺而走險沒想到竟在賽車場上發生了重大的車禍而被迫退出比賽喪失了一切資源的麥坤必須要從頭來過慢慢地讓歸零的自己重新容光煥發,,,,,,,,,,,,,,0.3613164222653459
2,但一切充滿了重重阻礙閃電麥坤是否能再次回到賽車場上馳騁又是否能打敗全新勁敵傑克森呢 《音樂》《Cars3閃電再起》的電影原聲帶總共有8首歌曲由TheBlackKeys的DanAuerbach鄉村搖滾天王BradPaisley英國吉他小清新JamesBay藍調搖滾中生代女力ZZWard等人共同為電影量身訂作譜寫全新作品與重新翻作許多經典歌曲賦予全新面貌 TheBlackKeys的主唱DanAuerbach在與製片會面後所為電影訂做譜寫的RunThatRace一首傳遞決不放棄堅定信念的正能量歌曲充滿著十足的爆發力替閃電麥坤的開場營造了最佳的氣勢也鋪陳了電影所具備了速度感張力,,,,,,,,,,,,,,5.58336263528636e-05
3,已經為《Cars》《Cars2》獻出4首作品的鄉村樂界的天王人物BradPaisley這次依舊獻出Truckaroo與ThunderHollowBreakdown兩首演奏曲穿插在破壞車賽的橋段中不僅展現了他高超的音樂功力更替電影增添了豐富的色彩,,,,,,,,,,,,,,0.9220991927038154
4,備受迪士尼推崇的創作女歌手ZZWard與葛萊美鄉村藍調歌手GaryClarkJr合唱片尾曲Ride,,,,,,,,,,,,,,0.9781301188539406
5,除此之外亦收錄多首驚喜翻作StevieWonder提拔葛萊美獎提名新生代靈魂女歌手AndraDay不僅在電影中配音SweetTea一角之外也貢獻一首她翻唱工人皇帝BruceSpringsteen1984年名曲GloryDays的全新版本,,,,,,,,,,,,,,0.9997002478845245
6,吉他小清新JamesBay翻唱美國草根天王樂團TomPettyandTheHeartbreakers1991年的KingsHighway以些許IndieRock的風格點綴凸顯了眾賽車於狂奔時的最佳氛圍,,,,,,,,,,,,,,0.9760051805014588
7,另也收錄迪士尼墨西哥新秀JorgeBlanco將TheBeatles的DriveMyCar爵士巨匠LeaDeLaria將靈魂樂之后ArethaFranklin的FreewayofLove的重新演繹版本首首皆為電影留下了最完美的註腳更讓其中的氣氛因旋律的渲染而達到完美之境你最近瀏覽的電影2021下半年韓劇男神回歸作金材昱要搭鄭秀晶演失憶症霸總朴敘俊新劇配韓素希2021上半年許多韓劇男神接連回歸比如宋仲基《文森佐》和近期宋江的《無法抗拒的他》就都是話題之作而接下來不少韓劇男神也傳出新劇消息啦以下7位韓劇男神的回歸新作《CrazyLove》金材昱要搭檔鄭秀晶演失憶症霸總蘇志燮新劇演高帥律師朴敘俊有望搭韓素希飾演冷面現實男20210805NETFLIX八月推薦片單《當男人戀愛時》強檔上線韓劇《海岸村恰恰恰》浪漫開播熱騰騰的NETFLIX八月片單出爐相比恐怖片居多的七月這次NETFLIX的八月片單上線不少台韓泰的浪漫影集與電影包括2021上半年人氣國片《當男人戀愛時》《我沒有談的那場戀愛》都將在八月上線金宣虎＆申敏兒《海岸村恰恰恰》也要在八月底和大家見面啦20210805不只《金秘書為何那樣》10部霸道總裁甜寵韓劇推薦新劇《社內相親》引爆期待最近由朴敘俊與朴敏英雙朴主演的2019年電視劇《金秘書為何那樣》重新上架Netflix播出結果立刻爆衝至區觀看榜單第2名《金秘書為何那樣》是以霸道總裁+浪漫甜寵為主軸劇情看來觀眾都非常愛這款啊大家都幻想能跟老闆談戀愛但現實生活中就是遇不到這樣多金又帥氣的老闆事實上韓國有多部電視劇都是以霸道總裁甜寵劇為主軸喜歡的朋友們絕對不要錯過這份清單20210805《賀先生的戀戀不忘》同居婚戀超甜盤點8部必看先婚後愛陸劇韓劇日劇推薦近期陸劇《賀先生的戀戀不忘》播出後獲得不少粉絲喜愛先婚後愛同居培養感情的更是甜翻少女心雖然老梗但粉絲們還是很吃這種以下幫大家盤點了8部先婚後愛的甜蜜劇集除了陸劇還有韓劇日劇讓你一次看個夠20210730【瘋奧運】15部有關運動韓劇推薦李聖經舉重朴敘俊拳擊南柱赫游泳一起熱血最近全世界專注在熱衷的同一件事無疑就是東京奧運每個運動項目都讓大家看得熱血沸騰也讓不少觀眾重拾對運動的關注與熱血事實上不少韓劇作品主軸就是跟運動有關或是主角的背景人設也是有關運動員的一起來回顧這些韓劇還有電影裡主人公從事的運動你有注意到嗎20210729《咒術屍戰》斥資17億台幣打造熱門韓劇《謗法》升級電影版活死人震撼大銀幕死屍竟犯下殺人案熱門韓劇《謗法》電影版《咒術屍戰》即將震撼大銀幕《咒術屍戰》由《寄生上流》發行商《鬼怪》製作公司斥資17億台幣聯手打造《屍速列車》導演延尚昊擔綱編劇打造更浩大的活死人世界觀20210727男二讓觀眾來疼蔡鍾協裴仁爀大勢爆紅與去年爆紅代表黃寅燁金宣虎有共通點期韓國新生代演員拼命崛起許多新面孔也漸漸成為粉絲與劇迷們的新男神而且重點是這些新一代男神都是因為飾演配角男二才爆紅的人氣也跟著水漲船高都說男一是女主角的但男二是觀眾的近期多部韓劇再度應證了這句話從去年的金宣虎還有黃寅燁到今年的裴仁爀還有蔡鍾協他們都有著共通點就是專一的對女主角深情讓不少觀眾瘋狂倒戈男二派你也淪陷了嗎20210727【8月韓劇清單】金宣虎《海岸村恰恰恰》振永《警察課程》安孝燮《紅天機》男神回歸隨著要進入8月份不少上半年韓劇也接連播畢完結像是《某一天滅亡來到我家門前》《我的室友是九尾狐》《遠看是蔚藍的春天》都在近期大結局而韓劇《Penthouse3》《機智醫生生活2》《無法抗拒的他》都是週更一集電視劇也都正式進入下半場劇情全智賢主演的《屍戰朝鮮雅信傳》特輯也在日前播出20210726【電影談心室】戀愛不能這樣談韓劇《無法抗拒的他》別讓自己成為渣男養成器本檔韓劇《無法抗拒的他》形成了一個奇怪現象在韓國當地收視低迷第三集掉到1173%創台內同時段最低但是網路話題很熱連續數週蟬聯前三串流平台點閱也很熱台日韓都是熱門前三一部分可能歸功於主演宋江韓韶禧的顏值魅力不過還是來自劇情為什麼劉娜比好好一個女主總是吸引到渣男20210716【機智5人幫影劇推薦】曹政奭柳演錫鄭敬淏金大明田美都歷年必看韓劇電影盤點機智醫生生活2》全劇共12集週更1集目前開播到第4集隨著播出收視也節節高升每集都刷新自身收視率最新第4集更迎來全韓國10972%首爾首都圈12775%的高收視20210712宋承憲《VOICE4》肩扛男人近身搏鬥MAN爆私下敬業模樣曝光myVideo全網首播的驚悚推理韓劇《VOICE4》殺人魔殘酷手法以及奇幻韓劇《來魔女食堂吧》宋智孝飾演的高冷魔女多套華麗時尚造型掀起網友討論其中《VOICE4》由李荷娜和宋承憲主演最新一季延續前幾季112舉報中心黃金隊熱血辦案精神再度出動揪出嫌疑犯刺激劇情讓收視節節攀升20210711【2021下半年必追20部韓劇】孔劉宋慧喬金秀賢韓孝周金多美重量級大咖齊回歸2021上半年已經正式過完也感謝《黑道律師文森佐》《模範計程車》《我的流世界》《我是遺物整理師》等精彩好劇陪伴了我們進入2021下半年又有哪些好劇在等著我們呢下半年韓劇同樣精彩無比不僅劇集題材新穎更有眾多重量級大咖演員回歸像是孔劉宋慧喬金秀賢孫藝真全智賢李鍾碩韓孝周等男女神回歸是不是超級期待呢一起來看看2021下半年韓劇必追清單吧20210707《你是我的春天》演員群嘴甜盛讚劇組吃了老實藥的徐玄振急喊這樣我算什麼愛情劇女王徐玄振這次攜手《與神同行》金東旭榮耀回歸Netflix全新韓劇《你是我的春天》5號舉辦新戲記者會徐玄振吃了老實藥直呼當初接演本劇是因為編劇太會介紹被騙了所以決定演出結果見到其他演員嘴甜盛讚劇組爆笑喊出你們這樣我算什麼啊202107052021夏季韓劇8部必追全智賢《雅信傳》戰活屍愛情劇女王徐玄振4大男神新作回歸2021年夏季韓劇將來襲眾所期待的《屍戰朝鮮》推出以全智賢為主角的特輯《屍戰朝鮮雅信傳》是女神暌違5年再度回歸主演電視劇,1.0,1.0,,1.0,,,,,1.0,,1.0,,,1.0
8,愛情劇女王徐玄振也讓粉絲等了3年治癒浪漫新作《你是我的春天》即將上檔,,,,,,,,,,,,,,0.9995207282945373
9,還有淨化眼球的俊男美女CP安孝燮金裕貞的古裝愛情劇《紅天機》演技和收視保證的男神池晟南宮珉池珍熙車太鉉都帶著新作品與觀眾見面以下盤點8部七到九月必收清單的夏季檔韓劇20210629看好誰韓國10新生代演員崛起宋江黃寅燁李到晛裴仁爀評價＆新作一次看風水輪流轉過去不少韓劇男神有的去當兵有的轉戰電影圈或是海外拍戲韓國本土近期新生代大勢演員頻頻冒出頭不僅戲約不斷接連在許多作品出現甚至都從配角晉升男二或是男主角之位而這些新生代演員不管是在演技或是作品上都有正反兩極評價不曉得各位觀眾最看好誰呢20210629《我的室友是九尾狐》原著有床戲漫畫和韓劇5大差異超級比一比熱播中的韓劇《我的室友是九尾狐》改編自Webtoon漫畫《心驚膽顫的同居》韓劇算是很大程度還原漫畫劇情尤其男主角張基龍簡直就是直接從漫畫中走出的絕美九尾狐申又如而惠利不計形象的演出也完整呈現女主角李潭的搞笑顏藝雖然原著中有床戲不知道會否還原進韓劇裡但除此之外還是有漫畫劇情在戲劇中被刪改以下為大家整理的劇中與漫畫的5大差異20210629【7月7部話題韓劇開播】女神齊回歸全智賢徐玄振宋智孝Krystal新劇追起來6月也開播不少新劇《Penthouse上流戰爭3》《機智醫生生活2》《無法抗拒的他》都是採一週一集的緩更模式開播正式進入2021年下半年又有哪些韓劇在等著我們呢7月不少韓劇女神齊回歸一起來看看新作介紹20210625錯過可惜2021上半年必看10部韓劇推薦不只《文森佐》《機醫2》這些夯劇也必追在此為大家嚴選出10部不可錯過的韓劇清單不論是收視率還是議題性或是話題性討論度都非常高的韓劇們追劇慢的朋友們也務必把此份清單收下有再慢慢開追之後就可以來好好迎接2021下半年韓劇了20210623宋江搭朴敏英成真姐弟戀韓劇《氣象局的人們社內戀愛殘酷史》開拍尹博Yura加盟韓國大勢演員宋江戲約不斷作品一部接著一部拍目前與韓韶禧主演的《無法抗拒的他》也剛上線開播立即又公布了好消息宋江下部作品確定會與韓劇女神朴敏英合作《氣象局的人們社內戀愛殘酷史》是戲外相差8歲的姐弟戀的合作同樣又是高顏值俊男美女組合已經讓粉絲們都超級期待20210621《機智醫生生活第2季》療癒五人幫回歸沒想念彼此若再拍第3季就要丟雞蛋韓劇粉絲們最期待的《機智醫生生活第2季》終於要播出了劇組於10日舉行新戲記者會導演申元浩率領療癒五人幫浩蕩出席記者會第1季結束後其實不管線上線下都有持續保持聯絡的五人都笑稱並不想念對方導演表示新一季的故事更加溫暖且有深度會深深感動大家20210610不只《我的室友是九尾狐》盤點10部人神戀韓劇《鬼怪》《來自星星的你》必看最近人神戀的韓劇《某一天滅亡來到我家門前》《我的室友是九尾狐》熱播中事實上韓國鬼神劇題材真的很多有很多像是驅魔或是議題型鬼神劇不過我們今日要聚焦在以愛情為主軸的人神戀題材202106086月鮮肉美男追不完居家防疫追高甜韓劇陸劇不無聊張基龍宋江為少女心注入活力居家防疫切忌餐餐大魚大肉但是追劇精神糧食再多鮮肉都不嫌多本文盤點6月好劇裡的各式鮮肉美男就讓高甜韓劇陸劇裡的張基龍宋江劉特和丁禹兮等眾男星為觀眾的少女心注入滿滿的活力吧2021060610部必看狗血韓劇推薦《我的上流世界》＆《上流戰爭》熱播別讓貧窮限制了想像韓國狗血劇儼然成為了收視保證班越灑狗血觀眾罵越兇就越紅過去像是早期的《妻子的誘惑》《百年遺產》都是非常經典的狗血韓劇不過隨好幾年過去了狗血劇題材依舊不敗從近幾年推出的韓國狗血電視劇可以發現都有非常好的收視率還有話題討論度而且格局也越拍越大20210601金正恩嚴格禁韓流北韓男私售韓劇光碟遭槍決家人被迫站第一排觀看《愛的迫降》中愛看韓劇的第五中隊隊員金舟墨劉秀彬飾如果真有其人怕是要倒大楣了北韓去年12月加重國民散佈及觀看南韓影視作品的刑罰公開處決非法販售南韓電影戲劇和音樂的北韓男子男子的親屬更被迫站在第一排觀看行刑202105306月9部韓劇來襲新季數《上流戰爭3》《機智醫生2》回歸《無法抗拒的他》引爆期待5月上檔了眾多充滿戀愛泡泡的韓國電視劇像是《五月的青春》《某一天滅亡來到我家門前》《我的室友是九尾狐》等高顏值CP組合出演而《我的上流世界》還有《MoveToHeaven我是遺物整理師》好口碑也持續延燒收視排名不斷上升可以說是讓觀眾看好看滿的月份20210525李多寅高顏值登熱搜姐姐李侑菲演過李昇基初戀有吻戲姐妹花韓劇收割一票男神人氣男演員李昇基在韓國演藝圈一直都有著非常好的形象是被大眾認可的國民好感男而且鮮少傳出緋聞戀情最轟動的是在2014年被最強狗仔D社《Dispatch》爆料他跟少女時代潤娥的戀情不過兩人交往1年9個月後因為行程繁忙聚少離多最後分手收場20210524【潘光中專欄】中韓接力翻拍《我親愛的小潔癖》漫畫原著／韓劇／陸劇超級比一比最近網飛上架了一部《我親愛的小潔癖》不知道大家開追了沒這部的集數和題材都很輕薄短小相對動輒三四十集上下總是愛得你死我活或鬥得魚死網破的時裝陸劇來說特別不一般加上有新生代男神劉以豪加持很快就連續好幾天進入區熱播前十名20210523驚悚懸疑韓劇迷必看《VOICE4》變態殺人魔再現《黑洞》末世求生狂砍活屍今年不少驚悚懸疑韓劇大受觀眾歡迎包括呂珍九《怪物》李昇基《MOUSE窺探》李瑞鎮《TIMES聲死一線》等播出期間都盤據話題隨著這些電視劇播畢喜歡暗黑或動腦題材的劇迷也別擔心鬧劇荒以下盤點了4部熱播中和即將上檔的驚悚懸疑韓劇不同的故事題材等著你來追20210520酷熱退散張娜拉鄭容和攜手驅魔｜納涼靈異韓劇《大發不動產》由最強童顏張娜拉與韓流男神之一的鄭容和首度合作主演的靈異喜劇《大發不動產》開播沒幾週就已獲得不少劇迷好評在天氣漸漸轉熱之際就已經準備好為大家驅散熱氣納涼一下啦20210520影評專欄┃煽情界的清流韓劇《我是遺物整理師》骯髒世界裡所堅持著的詩意童話雖說是將韓國藏污納垢處一一點名掀開卻又是透過遺物整理收拾的方式將這些悲傷的故事骯髒的世界清理乾淨意在言外的有種希望一切悲劇到此為止的暖心喊話功能雙關得恰到好處整部《我是遺物整理師》漾出了頗具詩意的童話氣息讓即便是後來出現韓劇慣用的煽情戲碼也都還是穩住了這部韓劇的清流療癒體質20210520宋江韓韶禧高顏值組合韓劇《無法抗拒的他》預告讓人好心空6月播出4大看點整理找來高顏值鮮肉宋江與最美小三韓韶禧搭擋演出的JTBC韓劇《無法抗拒的他》確定將於6月9日首播近日公佈首支預告影片中兩位男女主角在飄落花瓣的網球場相遇臉上掛著花一般的笑容緩緩走向對方充滿浪漫的心空氛圍雖然劇還沒播出但已經讓許多粉絲都心動的快等不及啦20210519速懂蔡依林也追的韓劇《如蝶翩翩》必看催淚原因連蔡依林也在追的韓劇《如蝶翩翩》改編自網路同名漫畫由宋江和朴仁煥所主演題材融合人生夢想現實等元素原著漫畫在韓國創下超高點閱率戲劇改編更獲網友們一致好評20210513張基龍攜手惠利共譜浪漫愛情韓劇《我的室友是九尾狐》平凡女大生貪吃誤事與九尾狐的心空戀愛即將開始近期韓劇以懸疑驚悚和探討社會議題的類型當道不過還是會需要看一些小甜劇補充少女心本月將播出的韓劇《我的室友是九尾狐》由顏值超高的張基龍搭擋惠利演出該劇翻拍自Webtoon人氣漫畫《心驚膽顫的同居》由《金秘書為何那樣》編劇崔寶林和白善宇改編導演則是曾指導《百日的郎君》南成宇導演黃金組合讓不少劇迷期待爆表20210513Netflix新療癒原創韓劇《MovetoHeaven我是遺物整理師》李玉璽真情感動推薦繼催淚勵志的《如蝶翩翩》之後Netflix原創系列將為觀眾獻上年度暖心療癒職人劇《MovetoHeaven我是遺物整理師》儘管遺物整理師是個大眾較為陌生的特殊職業但韓國和日本的觀眾應該都會有不少共鳴這次Netflix特別邀請李玉璽搶先試片202105065月7部強檔韓劇開播朴寶英＆徐仁國惠利＆張基龍李到晛＆高旻示高顏值CP已戀愛23月許多開播劇集不少都已經播畢或是進入收尾階段像是《薛西弗斯的神話》《怪物》《月升之江》已播畢《如蝶翩翩》《黑道律師文森佐》這週都會播出大結局劇情劇迷們肯定會覺得劇荒不過別擔心5月會有滿滿的新劇來襲而且幾乎都是愛情元素為主軸滿滿的高顏值CP組合陣容劇單可以說是非常華麗20210427追了燒腦韓劇《Lawschool》回不去5大看點坐看《最佳利益2》能否超越她燒腦戲劇成為21世紀初最受歡迎的劇型之一命案是一定要有但如今早已不侷限於警察或偵探的辦案故事才能燒腦其他職人劇也可以韓劇《Lawschool》以法律學院教學現場鋪排出了一場又一場的法庭實務課以及挑戰法律現場的各種突發事件甚至是校園命案根本上所挑戰的便是當代人類只以法律來斷定真相與正義的慣性迷思《Lawschool》的出現其極剽悍的法律職人劇風格將烙印在觀眾心中讓人看了以後會回不去以後的法律職人戲種恐將都將會被拿來與《Lawschool》比較與審視就連現正拍製中的台劇《最佳利益2》也難保不受到《Lawschool》影響20210425驅魔劇《大發不動產》好評爆棚10部帶有深意＆警世感人必看鬼神韓劇推薦由張娜拉與鄭容和主演的驅魔劇《大發不動產》目前開播4集好評爆棚收視率更微幅領先同時段的《Mouse窺探》還有《LawSchool》張娜拉與鄭容和的化學效應也受到觀眾喜愛《大發不動產》劇情主軸圍繞在驅魔所以有不少鬼魂出現鏡頭20210423不只《TIMES聲死一線》盤點五部讓你腦洞大開的跨時空懸疑犯罪燒腦韓劇在緊張又刺激的犯罪現場跟著主角一起推理辦案找到兇手懸疑犯罪推理劇是許多韓劇迷的類型現在的編劇們除了要把犯罪手法寫得令人毛骨悚然把推理邏輯編織得更加縝密之外還不夠202104087部姐弟戀韓劇待播林秀晶李到晛宋慧喬張基龍韓劇女神X大勢鮮肉Pick哪對CP近期韓劇有不少作品接連公開選角而這些新劇CP組合攤開來一看幾乎清一色都是姐弟戀組合韓媒也稱現在是大勢姐弟戀羅曼史而且姐姐們都是睽違許久回歸小螢幕的韓劇女神而弟弟們則是近期的大勢小鮮肉新穎組合配上劇情讓不少劇迷都相當期待現在就一起來看看有哪些姐弟戀組合還有待播新劇202104074月份5部韓劇來襲每部都必看驅魔喜劇《大發不動產》《模範計程車》動作片連發由於23月開播韓劇眾多目前也都還在熱播之中而且都正進入劇情中後階段像是《薛西弗斯的神話》《黑道律師文森佐》《怪物》《Mouse窺探》都是非常精彩時期而狗血劇《Penthouse2》也即將在這週迎來第二季大結局相信不少人會覺得空虛讓我一起來看看4月份韓劇劇單雖然開播數不多但部部都必看啊20210330韓劇19禁正夯《上流戰爭》狗血極致懸疑劇暴力殘殺電視台破尺度有原因韓國電視台近來推出越來越多19禁限制級戲劇繼去年《夫婦的世界》掀起話題刷新JTBC電視台和有線電視台戲劇節目最高收視紀錄後今年各家電視台再度播出部分集數19禁的戲劇包括SBS毀人三觀的狗血劇《Penthouse上流戰爭》JTBC調查連續殺人犯的懸疑劇《怪物》tvN改編自真實殺人事件的驚悚劇《MOUSE窺探》挑戰劇迷重口味看劇尺度這三部韓劇也確實都成功吸引觀眾開出亮眼收視20210329清明連假看什麼8部熱播韓劇陪你過假期《如蝶翩翩》治癒小品暖心又催淚讓大家等得好苦啊的連假又來了不想出去外面人擠人宅在家追劇準沒錯再加上23月開播韓劇爆炸多再次為大家分類重點整理選擇你想要的類型爆米花零食準備好就開追精選多達8部熱播劇單別要錯過這些精采好劇20210325《買進名校》vs《SkyCastle》3檔上流韓劇有驚人共通點揭露富人子女升學黑幕Netflix犯罪紀錄片《買進名校美國大學舞弊風暴》揭露了在美國真實發生的大學入學舞弊案醜聞主謀瑞克辛格本是一名籃球教練被解雇後改做升學顧問之後開始擴大事業規模用自己研發的走側門機制讓富人小孩直升名校不少政商名流富豪都是他的客戶也因為他保證入學所以富人客戶絡繹不絕20210318【潘光中專欄】白眼翻不完嘶吼無極限韓劇《Penthouse上流戰爭2》再創狗血劇新高度把《Penthouse上流戰爭2》歸類在狗血劇好像已經不太足以形容這個故事的變態程度狂汗20210310韓劇情節真實上演盤點10部校園暴力韓劇連《SweetHome》宋江都被霸凌近期韓國演藝圈不平靜接連爆出許多演員和歌手學生時期是校園暴力加害人的爆料其實韓國現實中校園暴力事件是很多人的地獄日常不少韓劇也拍出了有關校園霸凌及青少年議題反應出這是普遍性的嚴重情況這些韓劇的劇情不是只有在電視劇而是發生在現實之中202103052021Netflix10部韓劇片單介紹孔劉《寂靜的大海》全智賢《屍戰朝鮮雅信傳》重磅來襲Netflix近日公布了高達10部將在2021年陸續開播的韓國原創劇片單連帶也公布了演出卡司加上最新劇照釋出讓粉絲樂翻每部作品演員都是重量級的組合陣容像是孔劉裴斗娜李政宰劉亞仁丁海寅李帝勳等人登場大咖們紛紛回歸組隊合作劇情也相當引人入勝快來一同欣賞最新劇照20210226【潘光中專欄】重口味硬科幻韓劇《LUCATheBeginning》完美的超人類是否存在同一物種的所有個體同一屬甚至更高級類群的所有物種都是從一個共同祖先傳下來的然而即使是這樣明顯的事實也有疑點它們既然存在於相距遙遠的不同地域又是怎樣遷徙出去的呢方法總是有的——查爾斯勞勃達爾文《物種起源》20210222《薛西弗斯的神話》好燒腦盤點10部經典跨時空韓劇高能劇情保證讓你腦洞大開由朴信惠和曹承佑主演的科幻跨時空燒腦劇《薛西弗斯的神話》再度掀起一波穿越劇的風潮其實韓國拍攝這類有關跨時空穿越靈魂交換的劇情行之有年許多劇情真的都非常複雜以下整理了多類型的燒腦韓劇給大家像是有從古代穿越到現代或是懸疑辦案單純靈魂交換等題材都有喜歡跨時空穿越劇的你絕對不要錯過這份清單20210220【雀雀劇評專欄】《驅魔麵館》混合拼貼集大成緊抓韓國戲劇成功要素的黑馬韓劇一度更換編劇受到觀眾熱烈爭議的《驅魔麵館》在2021年一月迎來大結局讓人又哭又笑的終章定能清洗無數觀眾心靈本劇集結與混合了眾多戲劇經典元素混搭拼貼出一幅專屬於韓國電視劇的風景亮眼的收視與討論熱度也讓該劇成為2020年橫跨到2021年的韓劇黑馬20210127過年看什麼10部超夯熱播韓劇推薦來場追劇馬拉松保證讓你看好看滿目前2021年12月份新開播的韓劇電視劇作品比較少剛好又碰上2月的過年連假剛好是能補追回許多韓劇的進度在2020年末開播不少好劇目前都還在熱播中或即將完結現在就為大家整理過年的追劇清單保證讓你看得過癮追完這些不僅不怕錯過2020年尾好劇還可以好好來迎接2021的新劇喔20210124服務中心|隱私權更新|建議|我們的廣告|服務更新|由Yahoo奇摩電影提供KSD韓星網KPOP明星韓劇綜藝電影畫報專題Beauty生活話題韓星來港活動韓星來台活動有獎活動繁中简中圖片星檔已追蹤的偶像今日推介《我家的熊孩子》鄭容和透露曾秀腹肌收到金鍾國邀約缺乏寫歌素材被建議找《恢單4Men》鄭容和講話真的很有哏梗XDD敲碗上《脫掉鞋子恢單4Men》啊SHINee溫流唱鐘鉉作詞的《你和我的距離》哽咽等一下我唱不下去了ㅠㅠ電影《天坑》9月2日在台上映李光洙過度認真讓導演後悔找他演出他在拍攝現場絕對不看手機花絮片《機智醫生生活2》導演為何不喊卡曹政奭演到底柳演錫尷尬到只確定了孫藝珍田美都金智賢合作出演新劇《三十九》明年上半年開播李光洙擔任《熊孩子》特別MC在金鍾國媽媽面前大暴走鍾國哥有點像醜人氣討論朴敘俊基本確定加盟《驚奇隊長2》飾演韓裔10代英雄AmadeusCho310電影《天坑》9月2日在台上映李光洙過度認真讓導演後悔找他演出他在拍攝現場絕對不看手機248BLACKPINKJennie有顏就是任性變黑短髮的她驚呆網友全靠顏值撐住199《機醫》天才型醫生張冬天申鉉彬確定出演《財閥家的小兒子》與宋仲基合作147李光洙擔任《熊孩子》特別MC在金鍾國媽媽面前大暴走鍾國哥有點像醜男這是我個人的想法116【】金鍾國將為MBC全新選秀節目《極限出道野生DOL》擔任MC野外生存考驗＆喚醒本能魅力115回顧池晟耀字【人生角色】跟朴敘俊組CP的瘋狂安耀娜曾經當過《醫生耀漢》110有雷《Voice4》最終回創下本季最高收視大家敲碗的前魔王回歸宋承憲第五季可望暫代李荷娜位置EP1314最終回70最新文章同僚演員的義氣丁海寅表藝珍無報酬出演李帝勳首部導演電影《Unframed》明星據韓媒報導李帝勳作為導演的出道作品《Unframed》將獲得丁海寅和表藝珍無償客串同僚演員們之間的友情真的好暖2021年8月6日 星期五1000 Sani  暫時忘掉圈歐巴吧東奧會韓國代表團裡也藏著大帥哥全是出道級別的顏值♥生活每隔4年的奧運賽場都是萬眾矚目的這裡有激烈的實力角逐也有養眼的帥哥美女2021年8月6日 星期五0930 Tracy  《請回答1988》娃娃魚戲外繼續圓夢李東輝繼MSGWannabe後將發行個人單曲KPOP一直覺得柳東龍被淘汰好可惜啊幸好歌手李東輝很成功呢2021年8月6日 星期五0900 草莓  MVSKYLE今天以主打歌《천사의날개를내게줘》正式出道成員ERIN拍攝MV一天減磅1kg【8月回歸懶人包】20組韓流人氣偶像solo團體大亂鬥歷代級精彩的KPOP戰場誕生兄弟都是大明星Peakboy新歌MV華麗登場朴敘俊BTS金泰亨崔宇植朴炯植全員正面亮相DinDin那個年代我們都是Buzz圓夢與閔庚勳繼〈閑良〉再次合作單曲〈早知道就不愛了〉韓劇主題曲給她唱都會紅最低調的OST女王Punch網友歌聲真的比臉紅太好聽了【有片】防彈少年團今日公開新歌《PermissiontoDance》MV裡的手語令人感動注意了《機智醫生生活2》下半部看點人物關係有改變反轉明星正在播出的大熱韓劇《機智醫生生活2》要迎來變化了2021年8月6日 星期五0830 Tracy 2BTS防彈少年團吸金能力太強僅2021年代言費就狂攬620億韓元明星近幾年韓娛圈哪家愛豆風頭最猛當屬防彈少年團2021年8月6日 星期五0800 Tracy 1有片今年最令人發毛的鬼片《薩滿》三大亮點介紹喜愛《哭聲》與《鬼影》的你不能錯過電影由《哭聲》導演羅泓軫監製並由泰國《鬼影》導演執導的恐怖電影《薩滿》在韓國上映後大獲好評8月25日也即將正式在台上映這部電影描述位於泰國東北的一個小村落人們深信身邊萬物皆有靈魂以薩滿巫師2021年8月5日 星期四1741 Erin 4太可愛♥《超人回來了》穿了同尺寸汗蒸服的三姊弟娜恩建厚振瑀弟弟還露了香肩綜藝1日播出的《超人回來了》朴柱昊帶著娜恩建厚振瑀到野外炭窯汗蒸房2021年8月5日 星期四1633 Yuan 1Mnet新選秀節目《GIRL'SPLANET999》公佈全新投票鏡頭分配規則期望能比《Produce101》更公平綜藝根據《Produce101》的經驗Mnet在新選秀節目《GIRL'SPLANET999》上作了以下幾項新措施希望能給參賽者們一個公平公正的比賽機會2021年8月5日 星期四1600 Sani  長大了依舊可愛《機智醫生生活2》花絮一聽到申PD喊Cut羽朱金俊馬上露出得意的表情韓劇《機智醫生生活2》在上週停播製作組也公開特輯由五人幫曹政奭柳演錫鄭敬淏金大明田美都一起看著名場面還有幕後花絮等2021年8月5日 星期四1458 Yuan 2東奧韓國女排除了金軟景還有一位人氣球員金姬真摸頭殺影片瘋傳生活又一位讓粉絲瘋狂想和她結婚的女選手2021年8月5日 星期四1440 草莓 5出道已30年《婚詞離曲》朴柱美私下個性Man莎菲英這種完美太太怎麼可能存在明星第二季的《婚詞離曲》劇情將在完結劇中飾演其中一位正宮莎菲英的演員朴柱美已經出道有30年之久也提到自己自從接拍這部作品後對於婚姻生活也有了不同的體認2021年8月5日 星期四1430 Erin 1金裕貞＆安孝燮主演《紅天機》首版預告公開畫面色調超美還搭配伯賢演唱的OST韓劇終於等到《紅天機》的預告確定定檔8月30日播出2021年8月5日 星期四1304 Yuan 12《月刊家》兩對CP談辦公室戀愛超緊張今晚結局竟扯出身世祕密EP15韓劇今晚就要結局啦到底會下什麼震撼彈哩2021年8月5日 星期四1115 草莓 9《你是我的春天》超甜吻戲花絮與金東旭熱烈討論吻完徐玄振笑著回應再拍一次吧❤韓劇【花絮影片】一邊金東旭主動要求坐大腿一邊徐玄振主動要求吻戲重拍專業討論下成功營造出浪漫的畫面太會吻了2021年8月5日 星期四1112 MiJimin 10《學校2021》6位主演人選角色公開從金曜漢秋英宇到新加盟的金江珉徐熙善等韓劇KBS最新水木劇《學校2021》的主角是一群在考大學之外選擇另一條路置身於模糊的界限的18歲年輕人講述他們的夢想和友情以及充滿心動的成長故事2021年8月5日 星期四1012 Sani 21189312345678下一頁追蹤KSD訂閱KSD熱門標籤月刊家孔劉我的上流世界劉在錫尹啟相柳演錫機智醫生生活2潤娥金宣虎TWICE金材昱全昭彌曹政奭EXO惡魔法官宋江宋仲基來魔女食堂吧李昇基BLACKPINK朴敘俊Voice42PM機智醫生生活權相佑張基龍宋智孝SuperJunior朴寶劍金裕貞你是我的春天婚詞離曲2李光洙防彈少年團MAMAMOO徐玄振我獨自生活李敏鎬少女時代盼望的大海無法抗拒的他韓韶禧某一天滅亡來到我家門前宋承憲YuriIU河智苑鄭容和RunningMan醫生耀漢熱門文章KSDcopy2021KSD韓星網版權所有不得轉載我們廣告查詢免責聲明招募寫手韓劇第1頁TVBS網即時熱門社會要聞全球生活理財房地產Focus食尚新奇科技運動大陸氣象精選黃金線Live不漏接議題民調生態文明專題2020東京奧運東奧中華隊選手點將錄國外健將名人榜全國二級警戒大家都在APPTVBS官網台北市24º27º全國二級警戒東京奧運即時要聞社會全球生活議題理財房地產氣象黃金線大陸Live不漏接科技Focus食尚新奇運動民調生態文明全國二級警戒東京奧運即時要聞社會全球生活議題理財房地產氣象黃金線大陸Live不漏接科技Focus食尚新奇運動民調生態文明全國二級警戒東京奧運即時要聞社會全球生活議題理財房地產氣象黃金線大陸熱門Live不漏接科技Focus食尚新奇運動民調生態文明臺北市24º27º全國二級警戒東京奧運即時要聞社會全球生活議題理財房地產氣象黃金線大陸Live不漏接科技Focus食尚新奇運動民調生態文明全國二級警戒東京奧運即時要聞社會全球生活議題理財房地產氣象黃金線大陸Live不漏接科技Focus食尚新奇運動民調生態文明全國二級警戒東京奧運即時要聞社會全球生活議題理財房地產氣象黃金線大陸熱門Live不漏接科技Focus食尚新奇運動民調生態文明好康即時快報　立即TVBSAPP快訊颱風盧碧可能轉向襲台　季風氣流挾水氣防致災性降雨快訊台股早盤跌逾70點　電子族群聚人氣快訊鴻海252億元買6吋晶圓廠　旺宏早盤漲56%快訊澎金馬中南部防豪雨彭啟明閃電列車長達8百公里快訊交往11年要嫁了空手道小清新文姿云未婚夫曝光快訊淚崩在天堂帶著球球玩耍　高雄氣爆搜救犬卡拉安詳過世快訊王瞳忍十年氣哭嫁給機器人　艾成認了動念離婚原因曝快訊文姿云奪銅牌郭台銘妻出手砸錢了　連3年低調善舉曝快訊小S遭出征認非台獨　謝和弦酸這樣兒子怎敢回家吃飯快訊仍有機會空手道型男王翌達第一套排名暫居第五快訊快訊／高雄茂林桃源那瑪夏區　86停班停課快訊輕颱盧碧登陸有減弱趨勢　仍防西南氣流挾雨發布豪雨特報快訊快訊／台疫情趨穩　旅新加坡抵境篩檢陰性免隔離快訊盧碧登陸若回馬奔台週六恐海陸警齊發　西部豪雨結果韓劇結果共2110筆直播議題韓劇《羽球少年團》彩蛋奧運金牌李龍大　首度跨刀戲劇圈16小時前202108051727韓劇羽球少年團李龍大金牌網劇界的朴寶劍超暖男二蔡鍾協5個小故事大公開1天前202108042258蔡鍾協日常分享人生韓國韓劇《上流戰爭3》結局出爐韓媒曝驚人反轉致命衝擊202108031536202108031536韓劇狗血劇金順玉上流戰爭上流戰爭3演員《與神》河正宇親爹逼小39歲女友墮胎　挨告鬧上法院202108021350202108021350金容建河正宇花漾爺爺南韓電影演員韓劇女王孔曉振分享正面感情觀　出道22年僅認愛這兩位202108021217202108021217孔曉振韓國韓劇感情柳承范李陣郁眼睛不敢眨湯智鈞首戰奧運　家人緊盯202107312022202107312022湯智鈞奧運射箭韓國冷豔魔女破功宋智孝突綜藝魂上身　散發懵智魅力202107291526202107291526南韓綜藝宋智孝RunningMan來魔女食堂吧韓劇老婆們請注意韓劇男神理想型公開　宋江偏好這類型202107272317202107272317理想型男神韓劇演員朴敘俊宋江東奧帶熱運動片　《羽球少年團》《乒乓少女大逆襲》吸睛202107261722202107261722東奧選手桌球日本羽球好手被東奧搶時段《上流戰爭3》停播3周　大谷翔平球賽轉播減少202107231140202107231140東京奧運奧運上流戰爭停播機智醫生生活2曹政奭求吃雪蟹橋段重現經典台詞　致敬藍色生死戀202107191305202107191305韓劇機智醫生生活2復刻致敬經典橋段《Voice》鬧不和宋承憲虧李荷娜愛追究拖進度202107170550202107170550宋承憲李荷娜VoiceVoice4演員韓劇《我的室友是九尾狐》大結局　惠利稱床戲被剪好可惜202107161526202107161526韓國南韓網友觀眾韓劇男友張震前進南韓拍史上最貴韓劇　和黄晸玟河正宇飆戲202107161457202107161457張震河正宇黄晸玟柳演錫秋瓷炫南韓三級延長不怕劇荒別錯過WFH宅家追劇首選片單202107141541202107141541新冠肺炎戲劇韓劇追劇熱議徐玄振新戲髮型被嫌爆　各臉型NG髮型地雷一次看202107132137202107132137髮型造型建議韓劇徐玄振長臉全智賢《雅信傳》挑大梁　素顏復仇砍喪屍202107111152202107111152電影粉絲觀眾韓劇指數訓練姜素拉狂鏟24公斤難甩烏龜頸　靠3招練出優雅曲線202107101553202107101553韓星減肥瘦身飲食體態烏龜頸《她很漂亮》黃正音不離婚停工一年和好企業家老公202107101239202107101239黃正音南韓韓劇婚姻離婚惠利預謀成人計畫誘惑張基龍　滾床被警告妳危險了202107091515202107091515韓劇張基龍惠利我的室友是九尾狐新戲徐玄振譜懸疑愛情劇　宋智孝魔女料理　全智賢屍戰登場202107051126202107051126韓劇徐玄振金東旭你是我的春天宋智孝全智賢好想在家燒肉　霸氣夫自製客廳燒烤排煙202107041810202107041810疫情防疫網友新北市公司《惡魔法官》池晟心疼老婆辛苦　卻轉身猛誇舊愛漂亮202107040515202107040515池晟李寶英金玟廷我的上流世界惡魔法官女星張基龍不顧九尾狐尊嚴瘋狂撒嬌　女友凍抹條好可愛202107030500202107030500張基龍惠利我的室友是九尾狐感情粉絲大學機智醫生生活首推聯名周邊　BTS奶油小物掀瘋搶202107021708202107021708防彈少年團機智醫生生活聯名韓劇BTS12345人氣點閱榜1送奧運奪金還收兩套房　陳雨菲家鄉3企業超霸氣2文姿云空手道摘銅　頒獎時4正妹同台網驚呼本屆最美3鬼月穿搭禁忌命理師示警女性穿這件易招色鬼上身4全家神基因文姿云表姊曾演多情城市　網敲碗求合體5小S發聲我不是台獨　陸網風向秒轉永遠支持6百萬休旅摔電梯井車主急從後座逃命　維修費50萬起跳看編輯推薦1王瞳忍十年氣哭嫁給機器人　艾成認了動念離婚原因曝2交往11年要嫁了空手道小清新文姿云未婚夫曝光3噴3200萬撇非台獨小S鬆口被出征噤聲3天內幕4認了很痛苦福原愛哽咽謝陸粉支持才可以活到今天5陸官媒發聲護小S言論稀鬆平常　批小粉紅亂扣台獨帽6五倍券1套10張面額搶先曝光　提早上路全看這關鍵話題熱播榜1郭台銘遠征歐洲催疫苗　趙少康批蔡英文該做點什麼吧2文姿云空手道摘銅　頒獎時4正妹同台網驚呼本屆最美3最新疫苗登記數據出爐　16萬人變心不想打高端4文姿云東奧路坎坷　門票曾被沒收心情洗三溫暖終奪銅5返家班機突取消　美女買刮刮樂打發中2700萬6鬼月10禁忌別犯命理師洩護宅祕法避邪保平安即時熱搜金牌奧運文姿云吉星英國高端頒獎台小清新羽球嘻小瓜本網站使用Cookies以便為你提供更優質的使用體驗若您點選下方我同意或繼續瀏覽本網站即表示您同意我們的Cookies政策欲瞭解資訊請見我同意感謝您訂閱TVBS跟上最HOT話題掌握脈動AllowNoThanks您的意見是我們前進的動力歡迎來信或來電反映意見反映servicetvbscomtw觀眾服務專線0226561599公司介紹人才招募節目表主播專區企業動態更正與澄清自律規範個人資料保護網站使用協定版權宣告業務服務節目版權銷售公開招標頂尖事務所TVBS官網TVBS網©TVBSMediaIncAllRightsReserved台北市內湖區瑞光路451號|聯利媒體股份有限公司韓劇相關報導懶人包照片影片評價爭議負評缺點PTTdcard|ETtoday雲　|手機版|APP|歷史活動|歷史專題|會員中心|家外媒體　FBIGRSSweibo最新熱門播吧專題精彩專題視覺說故事爽快看金門全記錄料理之王2新冠肺炎特別報導2021ET即賞屋小人物大故事看專題熱門活動ETtoday一起為選手加油　天天集氣好禮抽抽送ᴺᴱᵂ慧眼看天下聲林之王官方網站全家匠土司料理王feat飢餓政治社會華娛韓流電視音樂電影生活消費探索3C家電氣象美洲要聞東南亞要聞日韓要聞慧眼看天下大陸軍武華聞特派現場雲視頻財經投資理財財經最新頂尖企業金融保險股匯行情直銷雲論醫藥兩性飲食百科檸檬中職直播中職棒球MLB籃球綜合足球時尚名人時尚奢逸潮流美麗生活房產車雲寵物寵物好萌寵物百科動物熱搜特惠眼霜特惠唇筆看電影民調雲法律雲愛心雲恩典雲保險雲遊戲雲行銷雲ETtoday熱搜關鍵字韓劇韓劇孔子也搖頭《婚詞離曲2》渣男語錄70歲才能不踰矩我才40太年輕超人氣韓劇《婚詞離曲》第一季結束後備受好評粉絲敲碗已久終於在今年六月迎來《婚詞離曲2》新系列被網友稱為《夫婦的世界》20可謂比狗血更狗血描述各種外遇男的渣言渣語強詞奪理甚至是不倫戀愛關係因而引申出許多渣男金句於網上引起熱烈迴響202107241024今夏眼鏡從透明框貓眼下手準沒錯韓劇女神惠利李寶英示範給你看今年夏天韓劇產量超大一部接著一部上即使防疫天天在家追劇也完全不怕沒劇看從女主角們劇中的造型行頭可以發現時下的流行趨勢《我的室友是九尾狐》中惠利戴上透明框眼鏡模樣特別可愛,1.0,1.0,1.0,1.0,,1.0,,1.0,1.0,1.0,1.0,,1.0,1.0
10,《我的上流世界》李寶英則是多次戴上貓眼墨鏡襯托出上流高級感今夏跟著這兩個元素挑選眼鏡絕不會出錯202107181015正妹女大生瘋韓劇揪2妹進私校　老爸噴15萬學費苦笑被排擠雖然一開學就得要噴掉15萬不過這個老爸還是樂透了從軍聞社退休的前高雄分社主任前呂世民有三千金三位姐妹花從小感情好現在連唸書也都考進了同一所學校文藻外語大學全部唸語文科系讓老爸笑得合不攏嘴不過愛看韓劇的三位姐妹花都會用簡單的韓語跟媽媽來對話老爸只好苦笑被排擠了202107111448網票選四對最喜歡的韓劇螢幕情侶　最甜CP玄彬孫藝珍竟沒上榜韓劇中的戀愛情節總是特別印象深刻常常會看到少女心朵朵開很多經典作品中的螢幕情侶就算過了多年還是讓人難忘近日韓網就票選出四對最喜歡的韓劇螢幕情侶《愛的迫降》中假戲真做的玄彬孫藝珍CP都還排不進去快來看看上榜的有哪幾對吧202107041423《我是遺物整理師》感動人心　李帝勳與陳俊翔飆戲　更見AS特質與優勢韓劇《MovetoHeaven我是遺物整理師》總共10集故事以以原本由父子一起經營的遺物整理公司父親死亡後將亞斯伯格症的兒子韓可魯交付給自己的弟弟當兒子的監護人的故事本劇用可魯的推理能力整理出死者生前的期盼有脈絡的傳遞給遺族202106230000盤點《我的上流世界》超寫實金句能成為不懂事的大人是一種特權近期火熱的韓劇《我的上流世界》講述上流世界勾心鬥角的狗血題材跟上了同樣大勢的《Penthouse上流戰爭》身世之謎與外遇糾隔由李寶英金瑞亨主演反轉又大快人心的復仇戰以及華麗的細膩刻劃在光鮮亮麗的財閥世家中每個人都懷抱著自己的秘密與謊言為大家盤點《我的上流世界》10句令人深思的劇中金句一語道破對於生存婚姻慾望的真實定義202106222126《上流戰爭3》狗血婚紗照　金素妍羽毛裙挖空至臀上辣翻韓劇《Penthouse上流戰爭》第三季熱播收視亮眼女星金素妍飾演惡女千書真讓觀眾看得過癮而她與頂樓主人朱丹泰嚴基俊飾的愛恨糾葛還沒結束這回官方又公開了兩人的親密婚紗照金素妍一連換上多套華麗禮服與嚴基俊相依偎掀起粉絲驚呼好狗血202106191440韓素希宋江情侶裝同框顏值破表深V美胸搶走男神風采韓素希韓韶禧與宋江主演新劇《無法抗拒的他》於今18日舉辦線上發佈會兩人合作早已受到外界矚目此次終於同框撒糖韓素希以精緻巴掌臉亮相身穿深V白色洋裝展現女神氣息宋江則是換上帥氣黑色西裝在旁造型相較過往成熟不少顏值破表的合體成功製造話題202106181730金正恩不准妳叫歐巴　怕韓流入侵北韓女性要稱男友同志北韓朝鮮領導人金正恩為鞏固金氏王朝對人民的控制力道近幾個月來幾乎天天透過官媒譴責非社會主義的影響尤其針對走私或持有南韓的影劇與KPOP音樂更是嚴令懲罰現在更有外媒取得外流的官方指出金正恩不准北韓女性叫男友歐巴오빠而是應該稱呼為同志동무202106121606《上流世界》李寶英貴婦行頭揭秘　PRADA洞洞裝Coé包全到齊由李寶英金瑞亨出演的韓劇《我的上流世界》獲得高度關注除了灑狗血的驚悚劇情劇中李寶英的貴婦造型更是引發話題不僅從頭到腳精品加持穿著PRADA洞洞裝Blumarine豹紋花卉拼接長洋裝宛如百變服裝秀讓觀眾看得過癮202106101640《我是遺物整理師》金句一樣的東西有人看到愛有人看到恨近日由李帝勳唐俊尚以及池珍熙等人領銜主演的超夯熱播韓劇《我是遺物整理師》全劇共十集已上架於影音串流平台Netflix上劇情罕見的取材自殯葬產業透過亡者的遺物來悼念理解逝者的一生身為遺物整理師的責任就是要藉由各種遺物來傳達那些來不及說出口的愛與故事202105280003韓星拍戲一半突宣布下車韓媒挖出真相性騷工作人員慘遭換角韓星捲入爭議遭換角時有所聞但拍一半沒理由的下車指離開的較少見最近韓媒便爆出有一名演員正在拍新劇戲劇都快要播出前突然被換角挖出真實原因竟然是性騷工作人員雖然尚未播出但得找替補演員全都重拍害慘劇組202105081835《文森佐》15個寫實戳心黑道金句最殘酷的煉獄是我已經開始想念她了由宋仲基飾文森佐卡薩諾與全汝彬飾洪車瑛主演的韓劇《黑道律師文森佐》開播期間幾乎佔據Netflix熱播第一名近日正式完結迎來高收視與粉絲們的掌聲不捨整齣戲劇有笑有淚也有充滿社會寫實的一面以下就一起來回顧15個讓人難忘的黑道金句202105052202《上流戰爭》雙胞胎超狂時尚照親密Pose連發　網驚絕配韓劇《Penthouse上流戰爭》第三季即將在６月播出熱度始終居高不下其中飾演雙胞胎兄妹碩勳碩景的演員金永大和韓智賢在戲外也紅到登上南韓雜誌封面兩人拋開兄妹包袱不僅親密相擁擺拍且造型前衛時尚表現力十足引發網友熱議被清雅藝高耽誤的模特兒202104222040宋仲基穿西裝帥氣回歸《黑道律師文森佐》以惡止惡　伸張無賴正義稱霸近期Netflix的韓劇《黑道律師文森佐》由《太陽的後裔》《軍艦島》的宋仲基與《打架吧鬼神》2PM的成員玉澤演領銜主演劇情講述為逃避黑手黨追殺因此逃到韓國的黑手黨顧問文森佐偶然結識洪車瑛律師後兩人一同經歷了人性黑暗的邪惡202104221657《朝鮮驅魔師》嚇壞中資　這部新韓劇全刪中國廣告古裝韓劇《朝鮮驅魔師》因為出現中國元素被認為扭曲歷史遭到韓國網友成功抵制下架這起事件也讓中方投資人十分緊張據韓媒《亞洲經濟》13日報導稱中國製作方愛奇藝多方考量後決定刪除新韓劇《我的室友是九尾狐》裡面中國產品置入的廣告202104151251《上流戰爭》朱碩景仙女畫報曝光換清純洋裝認不出　網美翻韓劇《Penthouse上流戰爭》第二季剛剛完結收視更是不斷創新高也讓劇中演員爆紅其中飾演朱碩景的女星韓智賢將大小姐形象演得恰到好處戲外她也接下了雜誌封面拍攝跳脫劇中的惡女氣質而是換上頗具仙氣的洋裝擺拍讓粉絲見識到與眾不同的一面直呼朱碩景脾氣好一點根本是仙女202104051330《上流戰爭》金素妍淡妝美翻戲外超大反差氣質長裙露S曲線韓劇《Penthouse上流戰爭》播出至第二季仍引發高度關注其中飾演千書真的女星金素妍近期拍攝的時尚畫報出爐不同於劇中的濃妝惡女形象以超淡妝彰顯精緻五官搭配氣質長洋裝出鏡果真營造出超強反差引發網友驚呼淡妝也好美202103280603韓劇出現中國月餅　韓網友批賣國請願青瓦台韓劇《朝鮮驅魔師》史上最短命電視劇才剛播放兩集因為被韓國觀眾投訴歪曲歷史遭到抵制到停止製作連夜下架贊助商緊急撤資製作方電視台紛紛道歉最終原因竟然是劇中出現中國的月餅皮蛋及服裝202103271749宋慧喬離婚後首度回歸確定演出《正在分手中》搭檔張基龍再譜姐弟戀39歲的韓劇女神宋慧喬前年結束不到2年的短暫婚姻之後曾表示暫時不會接拍新作品想休息一段不過SBS電視台10日表示演員宋慧喬張基龍金柱憲崔嬉序將出演新劇《現在正在分手中》202103242105熱門文姿云要嫁了愛情長跑11年男友身分曝魏如萱刪光奧運文挨轟　長文吐真實心聲盧碧回馬槍　若父親節可能掠過北719後百萬人改選莫德納AZ都要再等柯宇綸嘆可惜小S選擇保護自己　曝風波唯一解法陳建州噤聲4天突PO醫院照人夫控訴16年無性生活　妻子吐真實原因大逆轉中日龍27歲接種疫苗後過世小S表態非台獨　謝和弦開嗆兒子怎敢回家吃飯王瞳崩潰8點半睡有什麼夫妻生活盧碧超大颱風尾懸在海峽上　鄭明典三度強調1縣市要注意渣夫帶老婆遊花蓮　竟摸黑偷吃民宿老闆娘南韓隊輸球不列隊　留日本隊在場上鞠躬女童溺水狂掙扎　母顧吃便當溺斃才驚覺文姿云落敗對手含淚捧臉對話　她笑了最夯影音吳宗憲邊唱歌邊亂入Sandy直播　他一看鏡頭驚訝蛤才1千多人喔王瞳哽咽痛訴像跟機器人結婚　艾成吐實我失去了感受我會改網友標戴資穎評3點失誤太多　她罕見說重話站場上的不是你經濟部證實2人註冊麟洋配決勝點王齊麟打臉設計師沒意願配合女孩拍淹水照蟑螂在她背上爬後方民眾目睹嚇歪我不敢提醒她熱門快報《料理之王2》火熱每周五晚間9點鎖定《料理之王2》王者爭霸精采上菜請勿錯過中華隊加油最強賽事全紀錄ETtoday與你一起為選手加油最即時最多元最豐富的全在這裡即時開箱賞屋房市一手消息專家實境開箱賞屋分析帶你一探究竟北中南房市不能錯過的最新資訊都在這雲APP要你隨便花2020年尾神加碼看送購物金和咖啡再讓你用東森幣瞄準萬元獎品滿額拿好禮送喵喵離胺酸寵物雲毛毛商城消費滿額送喵喵離胺酸台北捷運廣告刊登ETtodayNo1的廣告代理商精彩案例搶先看我要投稿人才招募我們集團簡介廣告刊登合作提案客服信箱合作媒體Site服務著作權聲明免責聲明RSS訂閱東森新媒體控股股份有限公司ETtoday雲版權所有非經授權不許轉載本網站©ETtodaynetAllRightsReserved電話+886255556366回到最上面foryoustarborderCOVID19··韓國文化官部門公佈近5年世界韓星影視作品《愛的迫降》最高分藝人蟬聯5年冠軍是他MarieClaire美麗佳人7小時前bookmarkbordersharemorevert2021韓星不動產豪宅順位公開李敏鎬李帝勳60億豪宅不是最富這位在夏威夷置產太狂BEAUTY美人圈13小時前bookmarkbordersharemorevert盤點10個運動員出身的韓星宋仲基滑冰11年以奧運為目標蘇志燮游泳獲銅牌還曾入選國家隊ELLE6天前bookmarkbordersharemorevert2021年韓國5對明星伴侶TaiwanTatler昨天bookmarkbordersharemorevert篠原涼子爆熱戀小13歲韓星否認強調只是朋友新頭殼20小時前bookmarkbordersharemorevert5款韓星私下球鞋2365V2老爹鞋爆紅ConverseRunStarHike出鏡率最高BEAUTY美人圈7月30日bookmarkbordersharemorevert紗霧色系4D醫療口罩韓星都在戴不弄花妝容呼吸順暢5款仙氣立體口罩必須包色ELLE2天前bookmarkbordersharemorevert韓星劉在錫接觸確診工作人員居家隔離2週中央社即時7月23日bookmarkbordersharemorevert韓星池昌旭確診南韓演藝圈深陷染疫風暴感染科專家點出關鍵原因TVBS7月27日bookmarkbordersharemorevert運動員出身大勢韓星雙宋曾為滑冰運動員朴寶劍為游泳選手安普賢還拿過拳擊金牌BEAUTY美人圈4天前bookmarkbordersharemorevert金曜漢沒去《PRODUCE》可能已出戰奧運20個運動員出身的韓星｜今日韓國香港0117小時前bookmarkbordersharemorevert手袋｜韓星都愛的小眾人氣王OSOI朴孝敏Wendy加持親民價簡約高級感韓國品牌出一款紅一款雅虎香港4小時前bookmarkbordersharemorevert韓星也瘋奧運男星打歌夾帶手幅鏡頭特寫超有愛udn噓星聞4天前bookmarkbordersharemorevert20歲嫩男撞臉韓星銀赫新生代台男團被虧高冷少年ETtoday星光雲2天前bookmarkbordersharemorevert能和韓星有進一步關係知名男團曝真實工作情況三立網Setncom7月9日bookmarkbordersharemorevert韓星看自己吻戲的反應《機醫》他被虧親太多《無法抗拒的他》宋江羞爆比想像中色BEAUTY美人圈3天前bookmarkbordersharemorevert25歲韓星確診再+1電視台開天窗Yahoo奇摩7月22日bookmarkbordersharemorevert韓星再傳確診《我的室友是九尾狐》男星停工接受治療Yahoo奇摩7月22日bookmarkbordersharemorevert苦熬多年終於成主角的韓星姜漢娜全汝彬高旻示演技獲好評這位主角運卻小崩BEAUTY美人圈2天前bookmarkbordersharemorevert韓星遭前女友爆愛上酒店約炮還嗆敲詐見網暴怒PO親筆信道歉CTWANT7月29日bookmarkbordersharemorevert20歲稚嫩男孩撞臉韓星激似SJ銀赫Yahoo奇摩5天前bookmarkbordersharemorevert曾說出軌我死你也死韓星秋瓷炫老公拉女子坐大腿鏡週刊7月15日bookmarkbordersharemorevert長臉怎麼選髮型韓星示範長型臉造型的3大tips瀏海旁分短髮通通行udnSTYLE1小時前bookmarkbordersharemorevert韓星CP結婚票選這對不意外奪第一Yahoo奇摩7月19日bookmarkbordersharemorevert9位韓星出道前職業超特別蘇志燮差點變國家隊表藝珍空姐她最扯竟當過三星IT顧問BEAUTY美人圈7月26日bookmarkbordersharemorevert韓星秋瓷炫模範婚姻陷危機中國演員老公于曉光深夜攬美女坐大腿網氣炸上報上報7月15日bookmarkbordersharemorevert真人比例超衝擊的韓星金素妍曲線好到登熱搜她號稱最完美身材同框金泰希仍不輸BEAUTY美人圈7月24日bookmarkbordersharemorevert吳亦凡被爆灌酒選妃韓網罵別再扯到EXO10個曾涉桃色風波韓星｜今日韓國香港017月20日bookmarkbordersharemorevertPO惠利原來都是偶像出身6位讓人忘記本職的韓星每一位都是讓人爆笑的綜藝咖BEAUTY美人圈5天前bookmarkbordersharemorevert經紀人恐嚇韓星拍性愛照判刑定讞落跑將被通緝中時網Chinatimescom7月19日bookmarkbordersharemorevert韓星黑白簡歷照妝容秘技大公開詐欺級彩妝技巧像沒上妝卻美成仙BEAUTY美人圈6天前bookmarkbordersharemorevert孝道韓星榜︱GDBIGBANG送父母10億渡假屋39歲韓劇男神登冠香港017月8日bookmarkbordersharemorevert韓媒公布住最貴房屋韓星TOP10李敏鎬入榜榜首間屋超級豪｜今日韓國香港017月16日bookmarkbordersharemorevert不動產富豪就是他宋仲基年收入1000億坐擁兩套豪宅其中一套在夏威夷KSD韓星網3天前bookmarkbordersharemorevert最令人衝擊韓星︱前AOA珉娥自殘登第三冠軍IG公開性事破壞形象香港017月12日bookmarkbordersharemorevert【昔日花美男】韓星朴敏雨3年前遇車禍頭部重創銷聲匿跡傳已癱瘓只能眨眼香港經濟日報TOPick資訊香港經濟日報TOPick7月14日bookmarkbordersharemorevert洗腦神曲《踩到屎了》爆紅韓星跟風嗨跳魔性編舞暗藏迷妹心思HiNet社群7月27日bookmarkbordersharemorevert韓星進軍／金鍾國4天達百萬遭虧破壞者IU被讚影視歌管四棲全能中時網Chinatimescom7月26日bookmarkbordersharemorevert伊能靜19歲囝仔小哈利以獨立歌手出道自我介紹影片靚仔過韓星香港012天前bookmarkbordersharemorevert男神也中鏢韓星池昌旭確診新戲劇組全面停工Yahoo奇摩7月26日bookmarkbordersharemorevert張員瑛丁海寅美顏濾鏡P圖出事粉絲跪求別再用21個韓星P出禍｜今日韓國香港017月12日bookmarkbordersharemorevert專題韓星Solo演藝路順遂太妍奪14國冠軍宣美當導師自由7月25日bookmarkbordersharemorevert就只是愛韓星宋讚養跨海捐30萬助防疫暖心喊想為故鄉盡一份心意民視網FTVn7月7日bookmarkbordersharemorevert〈藝點〉BTS粉絲宅家趣讓韓星無時無刻都陪在你身邊Yahoo奇摩7月22日bookmarkbordersharemorevert韓星撞衫︱IU太妍爭著1300元吊帶紅裙20210724SHOWBIZ明報OL網7月24日bookmarkbordersharemorevert【KSD評分】由韓星網讀者評分TOP1有變動呢《你是我的春天》來了KSD韓星網6天前bookmarkbordersharemorevert【KSD評分】由韓星網讀者評分這星期平均分都下滑而《月刊家》終於來到TOP4呢KSD韓星網7月24日bookmarkbordersharemorevert韓星徐寅永確診中共病毒演藝活動全面取消大紀元7月13日bookmarkbordersharemorevert韓星太妍韓智賢都愛穿的Maje前進南啦插旗高雄漢神百貨5件女星同款服飾全搜羅MarieClaire美麗佳人7月8日bookmarkbordersharemorevert秀智宋慧喬短髮都被嫌醜韓網熱議不適合短髮韓星《上流戰爭》朱碩京也上榜BEAUTY美人圈7月24日bookmarkbordersharemorevert最美小三病倒了難過讓出女主角人生首部電影泡湯NOWnews今日21小時前bookmarkbordersharemorevert李昇基失戀了女友疑PO分手文我要擺脫痛苦珍惜自己NOWnews今日16小時前bookmarkbordersharemorevert師弟緋聞空包彈晏柔中愈單身老媽愈開心鏡週刊昨天bookmarkbordersharemorevert宋仲基電視劇新作女主角公開選定《機智醫生生活》張冬天ETtoday星光雲4天前bookmarkbordersharemorevert慘遭工作人員傳染韓星哈妮確診新冠世界日報7月19日bookmarkbordersharemorevert韓20歲姜民洙出櫃我是雙性戀坦承對不起家人絕對不會後悔ETtoday星光雲7月14日bookmarkbordersharemorevert教練金鍾國魔鬼訓練操壞宋智孝累倒在地崩潰天空變黃色了ETtoday星光雲7月16日bookmarkbordersharemorevertDO出道9年首推個人專輯趙寅成金宇彬狂挺udn噓星聞7月27日bookmarkbordersharemorevert多位韓星遭點名為校園霸凌加害者《驅魔麵館》趙炳圭《梨泰院》金東希朴慧秀新劇也受牽連哈潑時尚3月4日bookmarkbordersharemorevert韓星私服都穿LogoTIU的櫻桃短T太可愛Jennie同款只要千元|ETFashion|ETtoday雲ETtoday7月5日bookmarkbordersharemorevert韓星居家隔離竟確診新冠肺炎網憂車銀優李昇基恐遭感染鏡週刊4月28日bookmarkbordersharemorevert10位演校園男神的韓星黃寅燁看不出30歲了李鐘碩根本標準學生專業戶BEAUTY美人圈5月18日bookmarkbordersharemorevert26歲韓星確診新冠肺炎隔離ing拍檔宋江韓素希採陰不停工｜蘋果網｜蘋果日報蘋果日報5月31日bookmarkbordersharemorevert韓星搶打疫苗Rain大曬手臂謝醫護中時網6月12日bookmarkbordersharemorevert資源好到爆的勞模韓星盤點金永大宋江李到晛根本霸屏演員潤娥存貨待播劇驚人BEAUTY美人圈6月4日bookmarkbordersharemorevert《通往機場的路》韓星中鏢申成祿確診新冠【202104281813報導】中廣網4月28日bookmarkbordersharemorevert韓星金志洙認拍性愛片霸凌跪下道歉沒有辯解的餘地|新頭殼3月4日bookmarkbordersharemorevert韓星家底排行︱BLACKPINK出兩大千金有人為追夢放棄酒店繼承權香港015月1日bookmarkbordersharemorevert韓星拍戲一半突宣布下車韓媒挖出真相性騷工作人員慘遭換角ETtoday星光雲5月8日bookmarkbordersharemorevert90年代當紅韓星李知恩被發現家中身亡警方建議驗屍NOWnews今日3月9日bookmarkbordersharemorevert快訊／韓星金聖圭10日才打疫苗今宣布確診停工Yahoo奇摩6月27日bookmarkbordersharemorevert韓網調查2020年10大最受歡迎韓星《愛的迫降》CP雙雙入榜香港013月26日bookmarkbordersharemorevert《二分之一強》韓星結婚了臉書曬恩愛照曝喜訊甜喊我是女婿了Yahoo奇摩6月20日bookmarkbordersharemorevert韓星YT頻道含金量公開第1名才開半年一支片收益170萬ETtoday星光雲6月24日bookmarkbordersharemorevert韓星李帝勳挑戰遺物整理師美食想到快發瘋中央社即時5月17日bookmarkbordersharemorevert南韓爆惡霸瘋行演藝圈2021捲入校園霸凌爭議的十大韓星|噓星聞udn噓星聞3月4日bookmarkbordersharemorevert戲還在播卻傳猝逝惡耗韓星千靜荷享年52歲鏡週刊4月29日bookmarkbordersharemorevert最有愛韓星夫婦Rain金泰希結婚四年只排第5名香港016月1日bookmarkbordersharemorevert8位韓星手機殼盤點車銀優手機殼反差萌IU孫藝珍愛用極簡風韓素希手機殼最文青BEAUTY美人圈5月21日bookmarkbordersharemorevert丁海寅唔認得RM冬菇蓋頭成黑歷史15個韓星出道前後差很大｜今日韓國香港011月25日bookmarkbordersharemorevert韓星排隊打疫苗Rain搶頭香曬手臂照韓版鄭元暢也接種NOWnews今日6月14日bookmarkbordersharemorevert韓星名車榜︱裴勇俊擁一部車擠身10名內GDBIGBANG竟只排第三香港012月14日bookmarkbordersharemorevert中國藝人自誇祖國連續20天無本土案例韓星露出匪夷所思神情引發討論上報上報6月3日bookmarkbordersharemorevertIrene爆耍大牌辱罵黑粉迎面撲來20大深陷人品差爭議的韓星DailyView網路溫度計2020年10月27日bookmarkbordersharemorevert朴敘俊加盟漫威《驚奇隊長》進軍好萊塢7位韓星《陰屍路》史蒂芬元知名度最高|Bellatw儂儂Bella儂儂6月16日bookmarkbordersharemorevert韓星教練不藏私傳授躺著2招練核心瘦腰平小腹超有感早安4月28日bookmarkbordersharemorevert原來現在韓星都在瘋rosaK的迷你托特包泫雅Jessica李是英李周延等韓妞幾乎人手一個VOGUE時尚網5月3日bookmarkbordersharemorevert韓國票選越來越有氣質的韓星Top8玄彬金秀賢都敗給他｜今日韓國香港012020年11月11日bookmarkbordersharemorevert快訊／韓星李知恩陳屍家中準備驗屍確認死因Yahoo奇摩3月9日bookmarkbordersharemorevert離婚像要了我的命73歲韓星尹汝貞勇奪奧斯卡渣男前夫鬆口外遇是我的錯Yahoo奇摩4月28日bookmarkbordersharemorevert韓星代言魅力繼續熱燒Celluver香縷X黃寅燁CLIO珂莉奧XStrayKidsX高旻示MarieClaire美麗佳人4月7日bookmarkbordersharemorevert韓星帶頭打疫苗天王喜曝接種近況Yahoo奇摩6月11日bookmarkbordersharemorevert日韓星代言兩樣情新垣結衣李鍾碩遭小粉紅圍剿玄彬巧妙閃過｜蘋果網｜蘋果日報蘋果日報4月25日bookmarkbordersharemorevert2021韓星IG追蹤人數排名TOP20IU排11只有一個演員擠身10強｜今日韓國香港016月16日bookmarkbordersharemorevert春風與超大咖韓星同框時隔2年PO照不知道過得好不好|ETtoday星光雲|ETtoday雲ETtoday星光雲5月19日bookmarkbordersharemorevert金秀賢到場打氣IU李準基收粉絲心意韓星應援餐車其實很便宜ETtoday4月17日bookmarkbordersharemorevert玄彬孫藝珍戀情是真的韓星圈熱議元旦情侶夢幻誕生MarieClaire美麗佳人1月1日bookmarkbordersharemorevert打敗宋仲基孫藝珍2021韓國演員熱搜榜TOP10出爐冠軍讓網友全跪了Yahoo奇摩5月21日bookmarkbordersharemorevert2021韓星古裝／時裝對比俞利金裕貞韓服古裝簡直美成仙金所泫權娜拉好可惜BEAUTY美人圈5月5日bookmarkbordersharemorevert演技差資源卻逆天的韓星《無法抗拒的他》宋江根本資源帝她演技池晟曹政奭救不了BEAUTY美人圈6月30日bookmarkbordersharemorevert找不到結果韓劇相關自由時報電子報自由時報電子報為達最佳瀏覽效果建議使用Firefox或MicrosoftEdge的瀏覽器請至Edge官網請至FireFox官網請至官網即時熱門政治社會生活蒐奇影音財經汽車時尚3C評論玩咖食譜地產專區TAIPEITIMES求職爆Search自由電子報自由影音即時熱門政治社會生活蒐奇財經汽車時尚3C評論玩咖食譜地產專區服務自由電子報APP自由電子報粉絲團自由電子報Line熱門新訊　　關鍵字　　韓劇韓劇相關202108051118暴瘦到42公斤女星感冒變罕病等肝1年奇蹟出現湧祝福南韓32歲女星尹珠曾出演電影《犯罪都市》《陷阱》韓劇《KillMeHealMe》等然而演藝事業才剛起步的她卻在去年爆出罹患罕病急性肝衰竭更一度暴瘦到42公斤所幸尹珠1年後終於等到202108041434過勞亮紅燈最美小三韓韶禧與朱智勛急喊卡南韓26歲女星韓韶禧以夯劇《夫婦的世界》小三一角走紅首次擔綱女主角的韓劇《無法抗拒的他》更是話題連連事業一帆風順的韓韶禧近期一舉接下新劇《Nemesis》和電影《Gentlemen》拍攝工作然202108011714金宣虎化身衝浪王子緊身衣洩真實體格網喊寬肩有罪韓國35歲男星金宣虎演出韓劇《StartUp我的新創時代》後人氣激升在百想藝術大賞以壓倒性票數獲得人氣獎與女星申敏兒合作的新劇《海岸村恰恰恰》近日釋出劇照金宣虎穿著緊身潛水衣的照片成為熱門話202108011354《上流戰爭3》朴殷碩神扯復活尹鐘焄創醫學奇蹟被封人間救世主韓劇《Penthouse上流戰爭》第三季遇上東京奧運賽事停播1週後已於前晚復播而最新一集中於上季遭嚴基俊近距離炸傷的朴殷碩成功復活引發韓網熱議靠著劇中重回醫師身分的尹鐘焄超強醫術再創醫學奇生活202107301900《無法抗拒的他》腳踏車暖男vs瑪莎拉蒂渣男韓韶禧搞失蹤逼宋江追愛生活202107301730要來我家看蝴蝶嗎《無法抗拒的他》渣男語錄大公開女孩們別暈了202107301724神劇《信號》第二季有譜編劇金銀姬時隔5年鬆口有強烈野心有著南韓懸疑劇大師之稱的編劇金銀姬近期《屍戰朝鮮》系列劇集獲得極高人氣近日上線的《雅信傳》更開出紅盤而昨29日金銀姬在接受韓媒採訪時鬆口認了另一神劇《信號Signal》第二季可能性正面202107291624曹承佑登《劉Quiz》淚灑攝影棚追憶15年摯愛網友全看哭南韓41歲實力派演員曹承佑主演過多部知名韓劇《薛西弗斯的神話》《馬醫》更在2018年以韓劇《秘密森林》獲得《百想藝術大賞》視帝鮮少出演綜藝節目的他昨28日睽違16年登上韓綜《劉QUIZO202107271645趙炳圭霸凌醜聞反轉爆料者承認造假經紀公司將採取強硬行動南韓24歲男星趙炳圭以韓劇《驅魔麵館》爆紅2月被網友爆料在紐西蘭留學期間曾言語霸凌同學並炫耀吸大麻和性經驗身陷醜聞重創形象而今27日案件有了大反轉所屬經紀公司HB發聲明表示爆料者202107261525《無法抗拒》男星渣男真面目遭起底前女友怒控隱匿確診和小三約會由新生代男神宋江和最美小三韓韶禧主演韓劇《無法抗拒的他》講述女主角遇上渣男男主角的故事而近日有韓國網友在論壇上爆料演出暖男角色南圭賢的男星金敏貴才是真正的渣男不僅劈腿一夜情辱罵前202107251719影音和李光洙是對手趙寅成自爆兩人關係敏感韓國39歲演員趙寅成身材高挑有187公分曾主演《沒關係是愛情啊》《霜花店朕的男人》等知名影劇近日他上網路節目自爆和好友李光洙關係敏感理由曝光笑翻網友趙寅成日前上男星樸孝俊的You202107201740宋慧喬《正在分手中》40歲同劇女星爆確診電視台SBS回應了南韓40歲女星尹晶喜曾演出經典韓劇《老天爺啊給我愛》目前正參與宋慧喬新戲《現在正在分手中》演出然而今20日上午在同門女星EXID哈妮爆出確診消息後尹晶喜下午也收到確診通報電視台SBS則對202107201603《梨泰院》安普賢遭踢爆訂閱爭議頻道緊急滅火被批推卸責任韓國33歲男星安普賢飾演韓劇《梨泰院Class》反派角色走紅平時喜愛健身的他開設了個人Youtube頻道與網友分享生活不料近日頻道卻被踢爆訂閱了爭議頻道PPKKa和金龍浩演藝部長202107182032RedVelvetYeri戀上同劇男星大膽熊抱遭疑假戲真做韓國女團RedVelvet老么Yeri轉戰戲劇圈搭擋男團Pentagon成員洪碩主演網路電視劇《BlueBirthday》近期上隊友Wendy主持的電臺節目《YoungStreet》宣傳兩202107181811世界第一美解放胸前春光惹火中空襯衫售價驚人南韓29歲女星NANA林珍兒精緻五官曾2度獲得全球百大美女冠軍更擁有109公分逆天大長腿NANA近日在個人IG曬出的中空襯衫辣照引發關注片中大秀明顯鎖骨線條及迷人腰線全身性感衣著隨《〈123〉》2021年8月6日星期五辛丑年六月廿八日熱門51萬5623人811可打莫德納接種順序時程線上預約方式一次看紓困再加碼投保薪資24萬元以上勞工有條件領1萬元東奧》空手道型男王翌達登場隊6日出賽看這裡東奧前線》4名裁判都判對手贏文姿云這就是空手道我接受看戴資穎對決陳雨菲德國大報也能反映兩岸不同國情熱門新訊中路超高CP值買方熱門置產標的大南方計劃成形科技菁英湧入86特區和泰產險榮獲保險信望愛獎11項殊榮小巨蛋靜巷公園豪宅筑丰敦匯低調熱銷熱門關鍵字即時熱門政治社會生活蒐奇影音財經汽車時尚3C評論玩咖食譜地產專區TAIPEITIMES．廣告．熱門新訊．發票．樂透．徵才．RSS．我們．聯絡我們．著作權聲明．　．訂報．投稿．聯邦文教基金會．林榮三文學獎．聯邦銀行．瓏山林台北中和飯店．瓏山林蘇澳冷熱泉度假飯店．自由廣場會議中心．yes123求職網自由時報版權所有不得轉載©2021TheLibertyTimesAllRightsReserved此已閒置超過5分鐘請點擊透明黑底或右下角Ｘ鈕熱門推播自由追》隊不是喊爽的奧運正名國內角力戰先開打盧碧颱風不排除回馬槍再襲台近3日須留意致災性降雨足球》揮別21年老東家梅西確定離開巴塞隆納日職》慟上個月練習突然倒地昏迷27歲中日龍右投過世800公里閃電列車壓境彭啟明先守好這兩天雨勢全球最性感運動員東奧之旅沒上場網酸來選美的LTN經濟通》洪水沖垮鄭州災損難計撼動北京網》北農解答紅蛋白蛋誰營養加碼分享雞蛋挑選保鮮術空手道型男王翌達初戰奧運殿堂今日賽事預告與轉播英國女婿手繪〈台北〉台式美學紅到歐洲韓劇|標籤|聯合網聯合報數位版願景工程有設計售票網有行旅我的即時要聞奧運運動全球社會產經股市房市生活橘世代文教評論兩岸數位Oops閱讀雜誌500輯轉角NBA時尚汽車棒球遊戲鳴人堂專題U值網誌購物全產品速覽評論聯合網願景工程聯合報數位版轉角鳴人堂倡議家時事話題世界日報服務會員中心U利點數我的歷史活動專區udn粉絲團udnline好友股市理財經濟日報網房地產基金中經社樂透發票生活噓星聞優人物udnSTYLE500輯遊戲角落發燒車訊元氣網橘世代運動NBA野球夢田運動筆記健行筆記閱讀創作讀書吧讀創故事udn部落格u值媒體聯合文學聯經出版聯文雜誌文創購物數位文創IP授權瘋活動售票網買東西報時光產品聯合知識庫聯合電子報聯合影音網聯合學苑有行旅APP行動網P訂閱刊登廣告FAQ·客服授權服務·著作權·隱私權聲明聯合報系訂報紙我們網站總覽聯合線上公司著作權所有©2020我的頻道拖拉選單自訂排序儲存恢復預設確定加入橘世代VIP富活人生下半場即時要聞快訊		10顆水餃1個便當12款水餃熱量排行曝光1002奧運選手奪牌提升運動風氣體保生吐苦水盼不再被歧視0947韓劇《紅天機》首波預告來了金裕貞化身絕美女畫師安孝燮再披古裝造型帥翻　攜手共譜愛情史詩SBS去年正式宣布將開拍改編自《擁抱太陽的月亮》《成均館緋聞》作家廷銀闕的同名小說《紅天機》在經歷八個月的長期拍攝之後原定將在8月23日開播因東京奧運而往後延一個禮拜目前官方已釋出首波預告udnSTYLE20210805134833池珍熙爽扮主播驚覺被騙1的悲劇淋雨還受傷池珍熙今年新作不斷演完遺物整理師和退休特務之後再改行當主播沒想到卻是一場騙局笑翻眾人貴婦專業戶尹世雅相隔十多年與池珍熙再扮夫妻笑稱上了年紀的男神魅力與過往大不相同TheRoad1噓星聞20210804190103被嫌演得像木頭女星隔9年增胖10kg翻身曾在韓片寄生上流中演出宋康昊糟糠妻忠淑角色45歲韓女星張慧珍在韓劇女神降臨中扮演女主角的媽媽精湛演技再度受到關注但實際上年輕時星運超不順的她因無令人驚艷外表演技平平還曾被嫌演噓星聞2021080221520376歲老爸談戀愛鬧出人命河正宇又當哥本人回應了韓國知名演員金容建爆出風流債76歲的他有個小39歲的女友疑似以無力照顧為由強迫女方墮胎女友不願拿掉孩子因此一狀告上法院讓這段父女戀意外曝光金容建是韓劇中的熟面孔專門演出會長爸爸或爺噓星聞20210802182101河正宇爸播種小39歲女友遭控強制墮胎未遂知名韓國演員金容建今天被爆涉嫌迫使小他39歲的女友墮胎理由是自認76歲的自己無法照顧孩子到最後差距極大的父女戀令網友大為震驚金容建是河正宇的爸爸個性幽默浪漫多情曾參與實境節目花漾爺爺噓星聞20210802122103《無法抗拒的他》韓韶禧減齡穿搭靠這3招大學Tee落肩款式最青春挑對色系Uniqlo也能穿成像18歲Netflix熱播韓劇《無法抗拒的他》韓韶禧與宋江的浪漫畫面真的撩到大家心癢癢在裡頭的穿搭風格韓韶禧有別於在《夫婦的世界》裡成熟帶點性感的女性形象飾演研究生的她以清純的穿搭方式現身儂編也udnSTYLE20210802110000戲裡血海深仇皇后女星嫁男二成最珍貴的人曾在韓劇皇后的品格中飾演懷龍種遭害溺斃皇后女星申高恩因而成名2019年挑梁主演相信愛情戲裡她與姐夫愛得濃烈因一場車禍恨透姐夫的弟弟尹鍾和飾演雙方血海深仇沒想到戲外申高恩噓星聞20210801190802VOICE4結局彩蛋太驚悚大魔王無預警回歸網嚇瘋宋承憲主演的韓劇VOICE第4季在奧運期間播出大結局衝出韓國全國收視44%的好成績宋承憲交出亮眼成績單自認像是轉學生的他感謝劇組照顧感性致謝我現在已經不是轉學生了而是像老同學噓星聞202108011637038位醫療韓劇男主角柳演錫李鍾碩勤健身虐出流氓寬肩及性感鯊魚線這種醫生哪裡找這些經典醫療韓劇你一定看過醫療劇一直以來都是深受觀眾喜愛的題材從探討生命意義的《醫生耀漢》到敘述醫院裡平凡日常的療癒韓劇《機智醫生生活》每一部都有超高討論度連帶劇中的演員們也成為以下udnSTYLE20210801160000《機智醫生生活2》鄭敬淏爆紅少女時代秀英男友情牽9年爆肥瘦身展開全新人生熱播中的《機智醫生生活2》討論度持續走高飾演醫術高超的胸腔外科科長金雋婠個性挑剔卻時常搞笑廣受影迷喜愛但大家知道現實中的他童年時期曾經是個圓潤小胖子嗎感情世界與少女時代秀英愛情長跑9年udnSTYLE20210801110000何時開始住處成衡量人的價值標準《月刊家》看盡韓國成家酸甜苦辣什麼時候開始住處成為了衡量一個人的價值標準在韓國不管是買房或是租房都有很大的不同以買房來說對於首購族或是和銀行有良好往來的客戶可以給68成的金額作為買房的貸款可是在韓國尤其噓星聞20210731100000何時開始住處成衡量人的價值標準《月刊家》看盡韓國成家酸甜苦辣什麼時候開始住處成為了衡量一個人的價值標準在韓國不管是買房或是租房都有很大的不同以買房來說對於首購族或是和銀行有良好往來的客戶可以給68成的金額作為買房的貸款可是在韓國尤其udnSTYLE20210731100000黑人扮警爆紅曝膚色受限曾在試鏡被嫌胸部太小農曆鬼月將至myVideo應景神秘氛圍推出BBC懸疑驚悚影集片單其中兩極警探由英國女星塔拉戈維亞和英國奧斯卡視帝傑森沃特金斯主演戈維亞因該劇打開知名度她坦言能在劇中擔任領頭羊的角噓星聞20210729192101李帝勳升格當老闆戴千元平價表趴趴走清爽夏季穿搭造型有著男友既視感韓國男神李帝勳在今年憑著催淚韓劇《我是遺物整理師》以及《模範計程車》的演出成為爆紅男星然而這不過是李帝勳出道以來一部分作品還曾拿下多項新人獎和男子最優秀演技賞實力派演技無庸置疑更成為票房udnSTYLE20210728145100宋慧喬根本內建時光機長腿麻花辮少女感近照就是17年前《浪漫滿屋》的智恩近日正和張基龍拍攝《現在分手中》的宋慧喬在IG曬出兩人的背影照片花絮照看起來也有甜蜜感毫不違和的姐弟戀也顯見宋慧喬的凍齡美顏她最近出席韓國首爾GalleriaFENDI快閃店以驚人的少女udnSTYLE20210727123548韓國男神親洩事後床照慵懶居家造型曝光網請讓我在床上照顧你韓國男神金宇彬在2017年罹患鼻咽癌經過2年的抗癌治療後已經恢復並在去年開設instagram帳號時常分享生活和工作的點滴讓粉絲能一窺金宇彬的私下模樣而近期他曝光了代言床墊廣告的幕udnSTYLE20210726112327上流世界李寶英我的室友是九尾狐惠利都戴它夏季韓劇女主角指定美顏系墨鏡Top5夏天是墨鏡的季節除了遮陽外外出時戴上一副厲害的墨鏡更是替整體造型加分墨鏡的款式百百種有顯小臉的大框墨鏡圓形長型甚至是貓眼型不同款式呈現出不同的風格挑選墨鏡時必須考量到臉型的修飾度udnSTYLE20210725160000宋智孝來魔女食堂吧形象大轉變演出史上最美艷巫婆高冷氣場讓影迷大呼過癮在長青真人實境秀RunningMan擔任固定班底的韓女星宋智孝一改她給人懵智孝的傻大姐形象接演黑暗奇幻新劇來魔女食堂吧美豔造型受到熱議劇情講述由宋智孝擔任主廚與老闆的魔女食堂udnSTYLE20210725145308《無法抗拒的他》最美小三變純情大學生取經大學TEE西裝外套碎花洋裝包辦四季的日常穿搭在韓劇《夫婦的世界》飾演破壞正宮家庭的小三而走紅的韓韶禧在Netflix最新播出的韓劇《無法抗拒的他》再掀起戲迷熱烈討論最美小三搖身一變成為純情大學生因為前任劈腿導致不願相信愛情卻意外受到男udnSTYLE20210725120000《機醫2》韓式炸雞咖啡好銷魂五人幫99s同款美食零嘴無雷盤點　也吃得到療癒感人系韓劇《機智醫生生活》第二季開播至今每週刷新自身最高收視率粉絲也可透過Netflix同步收看可謂2021下半年最夯電視劇可惜受韓國首都圈疫情影響《機醫2》下週729將停播一udnSTYLE20210724153826熱門振興五倍券一套10張將新增1000元面額中央公布五倍券怎麼拿侯友宜一宣布新北就加碼打疫苗盜刷健保卡獲利6000萬嘉義某診所醫師訊後聲押為何不迎郭婞淳幻象戰機迎東奧選手惹議軍方說難言之隱空手道精靈文姿云洋裝側踢照曝光網友狂喊踢我拜託猜你喜歡訂閱刊登廣告FAQ·客服授權服務·著作權·隱私權聲明聯合報系訂報紙我們網站總覽聯合線上公司著作權所有©2020,0.0,0.0,,0.0,,,0.0,,0.0,,0.0,0.0,0.0,0.0
