報導內容,Relativity,我的室友是九尾狐,模範計程車,大發不動產,遺物整理師,哲仁王后,如蝶翩翩,女神降臨,怪物,屍戰朝鮮,MOUSE,黑道律師文森佐,朝鮮驅魔師,愛的迫降
foryoustarborderCOVID19··15部Netflix溫馨療癒韓劇推薦除了催淚神劇《我是遺物整理師》這幾部也讓你笑中帶淚反思人生Netflix韓劇《我是遺物整理師》劇情流暢又有深度寓意加上李帝勳陳俊翔池珍熙等演員的精湛演技加持被譽為今年最催淚神劇此篇整理Netflix上15部溫馨amp哈潑時尚8天前bookmarkbordersharemorevert2021【10部高甜愛情韓劇】推薦《滅亡》《九尾狐》必追還有宋慧喬金宣虎朴敏英宋江新劇熱播韓劇《某一天滅亡來到我家門前》由徐仁國朴寶英主演是一部奇幻浪漫愛情劇描述女主角卓東景朴寶英飾演的命運如惡作劇般重重打擊讓她ampELLE11天前bookmarkbordersharemorevert2021六月韓劇追劇時刻表李荷娜宋承憲《Voice4》曹政奭《機智醫生生活2》必看片單推薦五月強檔韓劇《我是遺物整理師》和《某一天滅亡來到我家門前》都大受好評六月則有不少韓劇續集如《上流戰爭3》《婚詞離曲2》《機智醫生生活2》amp哈潑時尚5月31日bookmarkbordersharemorevert【2021韓劇】下半年必追30部韓劇推薦不斷更新金秀賢孫藝珍孔劉宋慧喬回歸2021年儘管宅在家的更長了卻總有追不完的質感韓劇等著我們除了剛完結的Netflix《我是遺物整理師》《黑道律師文森佐》之外幾部續集作品更令人ampELLE3天前bookmarkbordersharemorevert韓劇推薦2021上半年度必看20部口碑韓劇浪漫驚悚奇幻片通通在家追起來有人跟小編一樣雖然都只能待在家意外地行程好多變得很忙因為有太多好看的韓劇要追盤點2021上半年度出爐的韓劇從浪漫喜劇懸疑燒腦劇近年在韓國ampYahoo奇摩5月28日bookmarkbordersharemorevert2021六月必追最新韓劇宋江韓素希《無法抗拒的他》曹政奭《機智醫生生活2》都列入追劇清單2021年的六月可以說是韓劇大爆發的月份今天就要來幫大家整理六月新上檔的必看韓劇除了《上流戰爭3》狗血回歸外還包含了眾所矚目由宋江韓素希ampYahoo奇摩3天前bookmarkbordersharemorevert韓劇男神VoilàAIArtistQ版頭貼朴寶劍張基龍高帥徐仁國李準基超不像他的最崩VoilàAIArtist是近期爆紅的相機APP其中最紅的迪士尼3D卡通濾鏡可以讓人變成Q版迪士尼人物大家知道韓劇男神變Q版是什麼樣子嗎以下15位韓劇ampBEAUTY美人圈22小時前bookmarkbordersharemorevert多次搭檔的韓劇CP惠利張基龍7年前組過CP李棟旭劉寅娜網看不膩這對是傳說級夫妻《我的室友是九尾狐》惠利張基龍原來不是第一次合作近期張基龍飾演的九尾狐獲得一致好評不少觀眾都很喜歡《我的室友是九尾狐》惠利＆張基龍這對ampBEAUTY美人圈20小時前bookmarkbordersharemorevertNetflix韓劇《機智醫生生活第2季》療癒回歸五人幫不想再拍第三季導演邀BTS客串被罵無能讓全球韓劇迷期待已久的《機智醫生生活》第2季即將回歸近日五人幫曹政奭鄭敬淏柳演錫田美都金大明以及導演申元浩在首爾舉辦了記者會ampELLE2天前bookmarkbordersharemorevert金正恩新法朝鮮對韓劇牛仔褲和外國電影宣戰的背後一部《排斥反動思想文化法》將朝鮮人民偷運和偷看韓劇外國電影和外國變成死罪這背後是一個怎樣的故事ampBBC网4天前bookmarkbordersharemorevert《我的上流世界》13句扎心台詞真正需要心理治療的人都不看醫生去的都是被他們傷害的人由李寶英金瑞亨主演的《我的上流世界》每個畫面都以用最唯美的方式勾勒出豪門家族的優雅和淡漠,1.0,,,1.0,,,,,,,1.0,,,1.0
每句淺白卻細膩的台詞都是以瘋癲和現實去包裝的ampELLE2天前bookmarkbordersharemorevert韓劇《我的上流世界》李寶英最強演技對付變態老公雖流產依然假裝懷孕亮麗穿出美女孕婦模樣韓國戲劇對於上流社會的狗血題材頗為熱衷一部接著一部拍收視率也每創新高最新由NETFLIX出品的《我的上流世界》一播出之後再度贏得觀眾共鳴這回由ampYahoo奇摩3天前bookmarkbordersharemorevert宅在家重溫經典好劇Netflix歷年高評分韓劇榜《愛的迫降》《鬼怪》都輸這部冠軍神劇最近全台疫情大爆發每天都有數百個病例被爆出中央也宣布全國進入三級警戒呼籲大眾減少不必要的移動但長宅在難免無聊而追劇可說是最適合打發ampudnSTYLE5月25日bookmarkbordersharemorevert韓國演藝圈很血汗主角靠人氣和背後勢力親身解密韓劇迷不知道的7大產業秘辛《文森佐》置入性行銷遭抗議《無法抗拒的他》選角引話題回顧﻿近年幾起大事件﻿《月升之江》志洙捲進校園性暴力醜聞《雖然是精神病但沒關係》徐睿知ampELLE5月24日bookmarkbordersharemorevert盤點9位韓劇暖心男二《滅亡》李洙赫《九尾狐》學長裴仁赫討論度爆表還有金宣虎黃寅燁成大勢2021韓劇強檔不間斷《某一天滅亡來到我家門前》除了徐仁國朴寶英感情備受關注男二李洙赫的副線CP也不容小覷,,,,,,,,,,,,,0.005995300228970100,0.005995300228970100
另外韓劇《我的室友是九尾狐》開播ampELLE4天前bookmarkbordersharemorevert近期定檔韓劇清單《屍戰朝鮮雅信傳》終於定檔徐玄振《你是我的春天》7月開播六月除了有《機醫2》《上流戰爭3》等強檔韓劇可以追之外近日也有一些新的韓劇宣布定檔而今天小編就盤點了近期定檔韓劇清單除了大家敲碗許久ampMSN1小時前bookmarkbordersharemorevert比《我是遺物整理師》更好哭2021【超催淚14部韓劇推薦】《我的大叔》《請回答1988》必追Netlfix爆紅韓劇《我是遺物整理師》中的人生百態是不是也讓你感動了﻿﻿盤點近年最催淚的韓劇《如此耀眼》《請回答1988》﻿《如蝶翩翩》﻿《哈囉掰掰ampELLE5月26日bookmarkbordersharemorevert金正恩加大管控民眾看韓劇者被勞改15年【大紀元2021年06月12日訊】大紀元記者王祥綜合報導朝鮮黨魁金正恩近期在國營媒體上寫了一封公開信要求朝鮮社會主義愛國青年同盟壓制青年人當中amp大紀元2小時前bookmarkbordersharemorevert居家防疫不踩雷韓劇推薦2021百想獲獎必追7部神劇《怪物》《重回18歲》好評大推隨著全台疫情升溫現在居家防疫變長很適合找一部好劇來追而日前《2021百想藝術大賞》也順利落幕今天小編就整理了2021百想獲獎必追神劇ampYahoo奇摩7天前bookmarkbordersharemorevert防疫在家不無聊追神劇救世界話題韓劇榜TOP10公開李寶英朴寶英李帝勳都上榜近日全台疫情大爆發每天都有數百個病例被爆出中央也宣布全國進入三級警戒為配合防疫各級學校各公司行號也都以線上教學居家上班的方式減少ampudnSTYLE5月21日bookmarkbordersharemorevert2021韓劇爆紅的大齡新面孔全汝彬金宣虎大器晚成這位女神有望成為宋仲基的女人《黑道律師文森佐》讓主演宋仲基被封人生代表作也捧紅了女主全汝彬全汝彬出道多年直到31歲才以《文森佐》爆紅韓國演藝圈中演員大齡出道或熬多年ampBEAUTY美人圈7天前bookmarkbordersharemorevert隱藏版高評價韓劇推薦李棟旭《泡泡糖》療癒小品全汝彬《浪漫的體質》好評必追各位劇迷應該都知道韓劇平均每個月就會有56部新劇開播在這之中除了會有收視口碑雙收的神劇誕生之外其實也有不少被收視率耽誤的高口碑韓劇今天ampBEAUTY美人圈5天前bookmarkbordersharemorevertNetflix韓劇《我是遺物整理師》感人公式全都有你會留下什麼給你最在乎的人Netflix原創韓劇《MovetoHeaven我是遺物整理師》自從開播以來就話題不斷畢竟這份職業過於特殊協助亡者家族整理清潔並且最後為離開的人找出屬於amp雅虎香港2天前bookmarkbordersharemorevert韓劇男主被虐心疼盤點《五月的青春》李到晛《滅亡》徐仁國太虐這部虐心被評神劇《五月的青春》最新預告中李到晛不僅與高旻示開虐分手更是被綁架拷打簡直不要太慘《某一天滅亡來到我家門前》徐仁國與朴寶英分分合合撒糖有多甜ampBEAUTY美人圈5天前bookmarkbordersharemorevert全智賢崔智友接連被爆婚姻出問題12位已婚韓劇女神近況繼全智賢日前被資深記者爆婚變後昨日10日崔智友亦被爆老公疑似曾做牛郎並在婚後帶女性出入時鐘酒店等近年都有不少韓劇女神結婚但又有amp香港0117小時前bookmarkbordersharemorevert防疫追劇必備韓劇《大發不動產》也愛吃的AromaTruffle黑松露洋芋片首推麻辣口味防疫期間追劇成為宅家打發的首選近期韓國靈異恐怖喜劇《大發不動產》好評爆棚劇中美女驅魔師洪智雅張娜拉飾與同伴慶祝小酌的同時更提ampYahoo奇摩2小時前bookmarkbordersharemorevert【GQ片單】活屍姦殺命案血腥復仇這10部適合男人追的19禁韓劇防疫期間可以追起來疫情升溫許多企業開始實施在家上班省去了通勤的待在家裡的也變長了這時候減少出門其實不只是保護自己也是保護別人追劇成了名正言順ampGQTaiwan5月18日bookmarkbordersharemorevert《五月的青春》結局虐爆虐到不敢重看的韓劇《對不起我愛你》是Top1這神劇也哭爆《五月的青春》結局虐爆《五月的青春》由李到晛高旻示主演兩位主角顏值高CP感十足劇情獲得不少好評然而近日迎來的大結局卻讓網友直呼虐翻ampBEAUTY美人圈3天前bookmarkbordersharemorevert盤點10部以惡制惡的爽劇韓劇《模範計程車》和《文森佐》掀風潮還有李敏鎬池昌旭代表作《黑道律師文森佐》《模範計程車》動作韓劇掀起風潮以惡制惡讓人看得熱血沸騰盤點10部韓劇中經典爽劇像是《城市獵人》《Healer》絕對都是值得一ampELLE5月17日bookmarkbordersharemorevert驅魔韓劇《大發不動產》感動最終回充滿洋蔥大魔王結局慘遭封印張娜拉鄭容和張娜拉鄭容和主演的驅魔韓劇《大發不動產》昨上演大結局﻿全劇最壞反派都鶴成遭到報應死後被洪治亞張娜拉飾封印永生要被烈火灼燒懲罰而洪治亞amp柯夢波丹2天前bookmarkbordersharemorevert韓劇《黑洞》劇終收視跌破05％遭諷OCN的黑歷史《黑洞》以0%左右的低收視創下本年度有線台OCN上半年最低翻攝自OCN〔即時／綜合報導〕韓劇《黑洞》改編自網路漫畫集結喪屍動作懸疑amp自由6天前bookmarkbordersharemorevert韓流為何能風靡世界從７個現象看韓劇恐怖的文化輸出Cheers快樂工作人20年前的韓劇女主角都喜歡深色的大紅口紅頭上綁著大腸圈實在不是女性所能接受的美感當時媒體也會隱約地嘲弄韓式彩妝在十多年後不論是韓ampCheers快樂工作人雜誌5月13日bookmarkbordersharemorevert防疫在家你追劇了嗎這些韓劇神片掀５大迷妹現象韓國酒跟著流行玩咖ing自由電子報韓劇受到人的喜愛要從2000年KBS推出由尹錫湖윤석호導演執導的四季戀歌開始說起從2000年的《藍色生死戀》2002年的《冬季戀歌》2003amp自由時報電子報5月22日bookmarkbordersharemorevert2021燒腦懸疑韓劇推薦《Mouse窺探》《黑洞》熱播中《VOICE4》六月即將登場|Bellatw儂儂最近疫情越來越嚴峻大家還是少出門為妙在家不知道要做些什麼嗎追劇是個好選擇這次儂編就來推薦大家2021燒腦懸疑韓劇喜歡動腦推理的儂粉們ampBella儂儂5月18日bookmarkbordersharemorevert【2021韓劇推薦】六月必追韓劇片單時刻表上流戰爭3機智醫生生活2Voice4熱門韓劇線上看2021年六月韓劇推薦片單來了6月有多部值得一看的優質韓劇推薦包含情慾韓劇《上流戰爭3》與《婚詞離曲2》犯罪懸疑推理韓劇《Voice4》職人韓劇《amp多多看電影5月29日bookmarkbordersharemorevert10部必看狗血韓劇推薦《我的上流世界》＆《上流戰爭》熱播別讓貧窮限制了想像韓國狗血劇儼然成為了收視保證班越灑狗血觀眾罵越兇就越紅過去像是早期的《妻子的誘惑》《百年遺產》都是非常經典的狗血韓劇不過隨好幾年過去了ampYahoo奇摩11天前bookmarkbordersharemorevert北韓男違法賣韓劇遭轟12槍公開槍斃妻兒被迫站最前觀看再送勞改|聯合網最懂你的網站北韓去年修訂《反動思想文化排斥法》嚴懲發布或觀看韓國影視音樂作品的民眾早前韓國媒體《每日北韓》ThedailyNK引述消息報道北韓元山市一名ampUDN聯合網11天前bookmarkbordersharemorevert2021下半年開播古裝韓劇全智賢《雅信傳》7月回歸金裕貞《紅天機》傳9月播出2021年不知不覺過了快一半了雖然上半年有不少精彩韓劇但2021下半年的韓劇陣容也不容小覷而今天小編就來盤點一下目前2021下半年預計開播的古裝韓劇ampBEAUTY美人圈3天前bookmarkbordersharemorevert2021開低走高韓劇推薦《文森佐》《大發不動產》口碑發酵高收視這部更是必追神劇有些韓劇一開播季就要高話題但是有些剛開播時反應平平後來卻憑藉口碑逆襲讓收視一路狂飆今天帶來近期幾部收視開低走高韓劇盤點《黑道律師文ampBEAUTY美人圈2天前bookmarkbordersharemorevert潤娥李鍾碩有望飾演夫妻2021下半年必追韓劇CP宋江韓素希宋慧喬張基龍超甜《黑道律師文森佐》宋仲基全汝彬《五月的青春》李到晛高旻示都是最近韓劇中話題CP其實2021韓劇中不少CP都是甜度默契十足日前釋出預告ampBEAUTY美人圈5月27日bookmarkbordersharemorevert疫情宅在家追劇推薦韓劇收視率排行TOP6打敗《鬼怪》《黑道律師文森佐》的神劇是它最近疫情升溫想要保護自己也保護他人最好的方法就是宅在家別出門但是在家難免無聊這時候想要來追劇卻沒有想法的話那就來看看韓劇的收視吧ampYahoo奇摩5月17日bookmarkbordersharemorevert《我的上流世界》收視創新高盤點7部上流題材韓劇《上流戰爭》《天空之城》⋯都在名單中|Bellatw儂儂上流社會的故事一直是韓劇喜歡用的題材財閥間的愛恨情仇以及狗血的劇情常常能讓這類型的電視劇收視率不斷飆高這次儂編就來推薦7部上流題材的ampBellatw儂儂5月30日bookmarkbordersharemorevert盤點韓劇改編的真實案件水原姦殺案仁川女童分屍趙斗淳N號房等真實事件令人髮指許多韓劇改編取材自真實社會案件可惜在戲劇中的嫌犯能夠被逮捕歸案可是現實中的罪犯有些仍逍遙法外此篇整理韓劇改編的真實案件希望能藉由分享社會amp哈潑時尚5月21日bookmarkbordersharemorevertNetflix韓劇《我是遺物整理師》14個揪心瞬間眼前擺著一樣的東西有人看到愛有人卻看到恨由李帝勳陳俊翔池珍熙主演的Netflix韓劇《MovetoHeaven我是遺物整理師》講述前科犯曹尚久意外成為患有﻿亞斯伯格症的姪子韓可魯的監護人ampELLE5月21日bookmarkbordersharemorevert近期熱播韓劇推薦《我是遺物整理師》好評必追《五月的青春》年代虐戀超好嗑居家防疫就是要不停的追劇除了可以選完結的劇來追之外最近其實也有許多部熱播中的韓劇可以追今天小編就盤點了近期熱播韓劇推薦從高口碑的《我ampBEAUTY美人圈5月30日bookmarkbordersharemorevert【中韓互槓】愛奇藝投資韓劇《我的室友是九尾狐》首播收視飆高韓國網友揚言抵制上報由惠利與張基龍合演中國愛奇藝投資的首部韓劇《我的室友是九尾狐》由於韓國近來反中聲浪高漲該劇就因中資問題遭揚言抵制拒看日前在爭議聲amp上報5月29日bookmarkbordersharemorevert韓劇女神朴寶英瘦身保養6秘技曝光減肥成功靠這張照片童顏養成和宋仲基有關|Bellatw儂儂韓劇題材不再只是圍繞在情情愛愛捉鬼魔法驚悚懸疑劇情更讓劇迷看不膩口而近日的話題韓劇《某一天滅亡來到我家門前》朴寶英和徐仁國這對死神和人類ampBella儂儂4天前bookmarkbordersharemorevert2021韓劇續集盤點Top5《上流戰爭3》金牌編劇金順玉高收視保證宋承憲《Voice4》今夏重磅登場|Bellatw儂儂2021年絕對是韓劇的大勢年許多大勢韓劇都決定要在今年推出續集萬眾矚目的《上流戰爭3》《婚詞離曲2》等還有經典代表作《Voice4》人氣之作《ampBellatw儂儂5月17日bookmarkbordersharemorevert新一代韓劇最強小三《模範計程車》高冷駭客表藝珍曾是空姐修長美腿仙氣爆棚近期又有一部韓劇引爆話題改編自漫畫的19禁韓劇《模範計程車》找來《Signal信號》之一的男主角李帝勳搭配強大的綠葉故事以一群犯罪被害人為核心ampGQTaiwan5月17日bookmarkbordersharemorevert2021熱播韓劇CP感評比《我的室友是九尾狐》首播高甜好評《滅亡》吻戲登熱門影片Top1《我的室友是九尾狐》首播獲好評惠利張基龍之前就因為超甜的畫報而引起討論而首集播出後收視成績不但亮眼高甜有趣的劇情更獲得一致好評ampBEAUTY美人圈7天前bookmarkbordersharemorevert韓劇PD是什麼PPL又是什麼意思解密韓劇迷最想知道的產業秘辛|聯合網最懂你的網站韓劇樣貌MOOKorea慕韓國第1期드라마》將韓劇製作以中韓對話形式呈現並補充對應小知識與相關韓文讓你能試著與韓國人聊韓劇文化收錄八部韓劇介紹amp讀書人5月28日bookmarkbordersharemorevert家藏韓劇或判死刑朝鮮的内外文化防禦戰朝鮮對外來文化滲透的鐵幕式抵禦早不是什麼新鮮事傳播或是觀看收聽任何韓國電視劇音樂都是違法行為但據英國廣播公司BBC網的報道amp香港013天前bookmarkbordersharemorevert《無法抗拒的他》六月正式開播韓韶禧回歸小螢幕宋江首度挑戰渣男五大看點掌握今夏必看韓劇公布選角就引起一陣熱議的《無法抗拒的他》即將開播由漫畫改編的《無法抗拒的他》劇情描述不相信真愛卻想談戀愛的二十二歲大學生劉娜比韓韶禧amp哈潑時尚5月13日bookmarkbordersharemorevert全智賢傳離婚全智賢婚姻故事根本韓劇總裁愛上頂級女明星婚禮花20億是歷代最貴全智賢驚傳離婚全智賢和老公崔俊赫結婚9年然而近日被爆料全智賢夫妻去年就傳離婚遲遲不簽字是因為廣告違約金全智賢公司駁斥了這個說法並稱ampBEAUTY美人圈15小時前bookmarkbordersharemorevertKAKAOWEBTOON正式上線韓劇原創漫畫線上看時尚消費中國時報KAKAOWEBTOON正式上線韓劇原創漫畫線上看韓國的網路漫畫越來越盛行不少作品都已經被改成連續劇甚至是電影而像最近擁有《如蝶翩翩》《驅魔麵館》《梨泰院Class》等知名作品IP的全新韓國amp中時網Chinatimescom昨天bookmarkbordersharemorevert奇幻韓劇《來魔女食堂吧》劇照公開了宋智孝魔女扮相太魅惑卡司開播日期一次看今年39歲的美魔女宋智孝過去憑著《女高怪談》《霜花店》《宮》等作品大紅在2010年加入綜藝節目《RunningMan》因不良智孝懵智等形象ampudnSTYLE7天前bookmarkbordersharemorevert2021【Netflix6月完整片單】推薦韓劇《機智醫生生活》第二季動漫《咒術迴戰》線上看這絕對是Netflix史上最華麗的片單之一在防疫期間一系列強檔韓劇歐美劇還有等超久的動漫全部一次上架宅在家的時光再也不劇荒韓劇類別有《婚詞ampELLE5月25日bookmarkbordersharemorevert金正恩怒了工程師私售韓劇被槍決朝鮮北韓去年12月修訂反動思想文化背景法散佈韓國南韓影像者可判處死刑本月初領導人金正恩又禁止民眾偷看韓劇KPop使用韓國口音等ampYahoo奇摩5月30日bookmarkbordersharemorevert日網票選最登對韓劇螢幕情侶檔迫降CP竟落榜最速配情侶是他們韓劇中男女主角間的神仙愛情總是讓劇迷們看得羨慕不已並沉醉在他們的粉紅泡泡中跟著他們一起心動一起心碎前陣子日媒對15萬民眾展開調查票選出ampudnSTYLE5月17日bookmarkbordersharemorevert2021上半年必睇韓劇︱宋仲基李昇基演技保證李帝勳兩部上榜來到5月尾聲即代表2021年即將過了一半今年上半年都有不少精彩韓劇值得劇迷追看除了宋仲基《黑道律師文森佐》和李昇基《Mouse》等有實力男神amp香港015月31日bookmarkbordersharemorevert陳建州看韓劇驚見潘瑋柏主演本尊幽默親回是我啊沒看錯新冠肺炎疫情蔓延全台許多民眾配合防疫乖乖待在家中藝人陳建州黑人在Instagram分享最近看的韓劇其中他看了《我是遺物整理師》覺得男主角跟ampCTWANT5月21日bookmarkbordersharemorevertNetflix強打5韓劇尺度變19禁這部超勁爆疫情宅在家不知道要幹嘛嗎那就來看67月的強檔韓劇吧線上串流平台Netflix推薦五部在67月上線的韓劇除了超人氣療癒韓劇《機智醫生生活》第二季回歸amp三立網6天前bookmarkbordersharemorevert韓劇《羽球少年團》第5集預告釋出愛情戲終於開始發展了《羽球少年團》第5集預告出來了劇情可以看到羽球隊又新增一個隊員鄭仁率原以為是學霸的他沒想到他已經打了8年的羽球是個即戰力的選手尹賢宗因為amp多多看電影3天前bookmarkbordersharemorevert《哲仁王后》不是第一tvN韓劇收視排行Top5《黑道律師文森佐》也進榜|Bellatw儂儂疫情宅在家好無聊嗎想追劇打開滿滿片單不曉得要看什麼不如就來參考南韓電視台tvN的韓劇收視tvN過去推出《Signal》《請回答》系列以及《孤單ampBellatw儂儂5月20日bookmarkbordersharemorevertNetflix韓劇《我的上流世界》李寶英穿搭靠Tasaki珍珠決勝經典Balance系列優雅制勝貴婦圈|Bellatw儂儂防疫在家辦公之餘也別忘讓自己放鬆追劇一下討論度超高的大熱門影集《我的上流世界》由韓國實力派女星李寶英和金瑞亨主演每一集的劇情走向屢創收視ampBella儂儂11天前bookmarkbordersharemorevert韓劇女神正式回歸全智賢《智異山》《屍戰朝鮮雅信傳》兩部網評最值得期待的韓劇2021下半年陸續上檔讓粉絲們苦等許久的韓劇女王全智賢今年終於有新作品要跟大家見面了在韓國掀起一陣古裝喪屍風潮的《屍戰朝鮮》全智賢雖然在第二集僅於片尾出現5秒鐘ampYahoo奇摩9天前bookmarkbordersharemorevert甜寵韓劇《我的室友是九尾狐》張基龍惠利私下心驚膽顫的同居生活愛奇藝首部自製原創甜寵改韓劇《我的室友是九尾狐》講述為了成為人類活了999年的九尾狐申又如張基龍飾在守護多年的狐珠被大剌剌的22歲女大學生ampMarieClaire美麗佳人7天前bookmarkbordersharemorevert追劇救1／超夯7大當紅韓劇李帝勳李昇基雙帥對決新冠肺炎在肆虐本土疫情大爆發雙北也升級至三級警戒現在全國各級學校全都停課非必要可千萬別出門如果待在家無聊就追劇吧《三立網》amp三立網5月19日bookmarkbordersharemorevert怪物片進擊韓劇李浚赫金玉彬新劇《黑洞》與變種人打生存戰每周六日在LINETV更新韓劇《黑洞》是由金玉彬與演出《與神同行》朴武信一角打開知名度的李浚赫主演該故事講述人類在大氣之中吸入了由一個神秘沉降的ampMarieClaire美麗佳人5月18日bookmarkbordersharemorevert15部Netflix保證看了好心情片單WFH防疫不憂鬱隨著新冠肺炎疫情嚴峻許多人已經展開居家工作模式盡量避免外出減少感染機會但每天在家刷看到的都是社會的不安與焦慮氣氛是否越來越悶呢amp柯夢波丹5月20日bookmarkbordersharemorevert《模範計程車》換編劇又被毀網評開頭好韓劇盤點玄彬孫藝珍爛劇都上榜話題韓劇《模範計程車》最近更換編劇導致畫風驟變不少網友都擔心是不是又要爛尾其實韓劇中不少這樣剛開頭明明很好越追卻發現根本是大爛劇同樣是ampBEAUTY美人圈5月30日bookmarkbordersharemorevert韓劇《羽球少年團》第4集預告來了比賽資格遭到取消了嗎《羽球少年團》第4集預告出來了2021年5月31日在Netflix播出《羽球少年團》第1集後引起不小的迴響與討論故事劇情可以看到尹海康在比賽中拿下單打amp多多看電影4天前bookmarkbordersharemorevert《上流戰爭》還不夠刺激最新韓劇《我的上流世界》堪比《寄生上流》李寶英金瑞亨帶動首播超高收視率|Bellatw儂儂《黑道律師文森佐》之後追什麼接檔的《我的上流世界》相信值得一看劇中女性亟於擺脫外界加諸而來的偏見在難題充斥的現代堅持做真實的自我展現出ampBellatw儂儂5月15日bookmarkbordersharemorevert韓劇豪門風暴真實上演南韓美妝大廠千金僅結婚8月就離婚根本是韓劇劇情南韓美妝大廠愛茉莉太平洋的會長徐慶培其長女徐敏貞서민정音譯在豪門聯姻後僅僅8個月就宣布離婚據《韓國先驅報》報導徐敏貞amp自由時報電子報5月22日bookmarkbordersharemorevertNetflix催淚韓劇《我是遺物整理師》揪心台詞眼前擺著一樣的東西有人看到愛有人卻看到恨Netflix韓劇《MovetoHeaven我是遺物整理師》由李帝勳陳俊翔洪承希與池珍熙﻿領銜主演以殯葬業為主題被喻為2021年最催淚的韓劇之一以下整理劇amp哈潑時尚5月17日bookmarkbordersharemorevert如果你也在追《火神的眼淚》絕不能錯過這部韓劇打造出最真實的公務員辛酸不只有鯛韓劇《Live》訴警察血淚遭醉客賞巴掌國會議員欺凌太寫實逼哭觀眾TaipeiWalker．如果你也在看台劇《火神的眼淚》那絕對不能錯過由鄭有美李光洙領銜主演的韓劇《Live》《火神》以最貼近觀眾消防員的角色寫實反映出公務員的無奈ampWalkerLand窩客島5月31日bookmarkbordersharemorevert黃寅燁才剛宣布合作池昌旭再傳與韓劇女王徐玄振譜師生戀南韓演員黃寅燁前譯黃仁燁황인엽在出演人氣漫畫改編劇《女神降臨》後人氣暴衝先前確定接下Netflix新劇《安娜拉蘇瑪娜拉》搭檔男神池昌旭以及《ampETtoday星光雲5月26日bookmarkbordersharemorevert超強韓劇來了快追《我的上流世界》不只劇情超好看女主角李寶英的看點每天秀Dior服裝包款Coé包不起眼的修女還誇張手拿Hermèsbirkin《我的上流世界》熱播劇中飾演梟遠集團大媳婦金瑞亨及二媳婦李寶英是雙主角尤其當紅明星嫁入豪門的二媳婦徐希秀李寶英飾勇於展現自己不墨守成規ampYahoo奇摩5月26日bookmarkbordersharemorevert防疫在家最新韓劇追起來網友激推超催淚的《我是遺物整理師》還有狂灑狗血的《我的上流世界》這4部不能錯過疫情期間除了在家工作了許多可以癱在沙發當馬鈴薯這時候不拿來追劇實在太浪費尤其最近有許多話題韓劇熱烈上映包含超催淚的《我是遺物整理ampYahoo奇摩5月21日bookmarkbordersharemorevert《夢想之地》韓藝璃客串韓劇一秒噴淚變臉式演技觀眾驚嘆韓劇《某一天滅亡來到我家門前》昨17日播出第3集朴寶英與徐仁國正式展開奇特的同居生活朴寶英打開了猶如《鬼怪》裡的任意門從簡單陽春的屋頂加amp鏡週刊5月18日bookmarkbordersharemorevert宅家救台OTT新註冊戶暴增3倍最夯韓劇是這部《月薪》居然回衝周末不出門OTT平台成為近日全民宅在家防疫首選愛奇藝站動漫跟兒童類流量激增,1.0,1.0,1.0,1.0,1.0,1.0,1.0,1.0,1.0,,1.0,,,1.0
LINETV與KKTV都有3成成長《ETtoday》為您整理各站最ampETtoday星光雲5月22日bookmarkbordersharemorevertNetflix韓劇《我的上流世界》滿滿爆點家教變小三少爺戀上女傭竟還隱藏百合戀Netflix剛開播的韓劇《我的上流世界》由李寶英金瑞亨主演緊接在《黑道律師文森佐》後開播前就備受期待首播後在網上獲得好評第一集的高收視率更是ampYahoo奇摩5月20日bookmarkbordersharemorevert必追姊弟戀韓劇凍齡女神與年下暖男愛情韓劇清單|名家近期年下男與小姐姐搭配的姊弟戀非常受歡迎以往大齡女子總是被認為是情場上的剩女但在現今的愛情市場中能幹又會照顧人的小姐姐們早就逆轉翻身amp三立網5月23日bookmarkbordersharemorevert宅在家救日韓劇開播小三正宮餐廳鬧到醫院掀話題新型冠狀病毒肺炎COVID19疫情嚴峻本土確診個案連日破百今17日更新增333例全台民眾人心惶惶更有網友發起看好了世界人只ampNOWnews今日5月17日bookmarkbordersharemorevert《百想藝術大賞》男女主角打破韓劇定律徐睿知人氣獎無懼緋聞宋仲基金秀賢卻輸給最強男二2021年韓國影視盛事百想藝術大賞將於今晚舉行頒獎典禮《黑道律師文森佐》宋仲基《惡之花》李準基以及夯劇《雖然是精神病但沒關係》金秀賢ampELLE5月13日bookmarkbordersharemorevert19禁韓劇《模範計程車》硫酸溶屍器官買賣太駭人美女檢察官李絮淪被害者攜手李帝勳暴力復仇李帝勳李絮表藝珍主演《模範計程車》劇情越來越精彩﻿新播出的1112集中本來與金道奇理念不同的檢察官﻿姜荷娜在追捕嫌犯過程中﻿同事搜查官竟然amp柯夢波丹5月18日bookmarkbordersharemorevert李帝勳初戀很心碎韓劇男神初戀故事玄彬好純情李敏鎬情書超肉麻孔劉初戀長這樣李帝勳近期因《模範計程車》《我是遺物整理師》爆紅最近也有網友挖出李帝勳的初戀故事李帝勳曾自曝20歲時因為初戀而擁有許多撕心裂肺的瞬間ampBEAUTY美人圈8天前bookmarkbordersharemorevert火神的眼淚擊敗陸韓劇登OTT收視冠軍大旗下myVideo宣布29日獨家同步線上直播火神的眼淚結局觀看次數較前一周激增逾2倍全劇創下近300萬人好評並贏過同期陸韓劇amp中央社即時5月31日bookmarkbordersharemorevert金秀賢淚了57百想同框的韓劇CP徐仁國朴寶英超配嚴基俊給金素妍一個大抱抱2021第57屆百想藝術大賞頒獎典禮513舉行百想典禮上好多近期熱播的韓劇CP都同框啦除了《某一天滅亡來到我家門前》徐仁國朴寶英《打包袱－盜取ampBEAUTY美人圈5月23日bookmarkbordersharemorevertNetflix韓劇《我的上流世界》狗血不輸《上流戰爭》樓梯間大膽偷情家教才是正宮Netflix韓劇《我的上流世界》實在是太勁爆了劇情進展有夠快速有夠刺激在網上又引起了廣大的討論收視率又繼續直線上升34集的劇情讓不少人看的牙ampBEAUTY美人圈5月31日bookmarkbordersharemorevert2021韓劇CP組合好甜《文森佐》打臉負評《大發》年齡差好配這對是超甜的初戀氛圍《黑道律師文森佐》宋仲基全汝彬從前期不被看好到後期倒吃甘蔗默默發糖甚至結局後宋仲基更是在訪談中狂讚全汝彬的美貌與演技默契兩人火花ampBEAUTY美人圈5月22日bookmarkbordersharemorevert熱門韓劇《Voice4》李荷娜宋承憲人物預告公開新反派也擁有超強聽力看完預告小編只想要直接穿越到618《Voice4》的首播日△熱門韓劇《Voice4》李荷娜宋承憲人物預告公開新反派也擁有超強聽力amp臺灣新浪網5月24日bookmarkbordersharemorevert神鬼韓劇片單10部推薦超華麗《德魯納酒店》《鬼怪》《主君的太陽》是經典最近《某一天滅亡來到我家門前》話題不斷你們都追起來了嗎雖然《滅亡》在網上評價兩極但小編才剛開追沒多久就被徐仁國和朴寶英這對CP狂圈粉ampBEAUTY美人圈6天前bookmarkbordersharemorevert韓劇《我的上流世界》巨型藍鑽超驚人盤點世界上最珍貴的5顆藍鑽珠寶韓劇《我的上流世界》Mine熱播中為了營造財閥世界的豪奢氛圍第一集劇中就先端出一顆巨大的藍鑽項鍊而在我們的現實世界裡有哪些真實存在的驚人ampTaiwanTatler5月30日bookmarkbordersharemorevert《模範計程車》結局爆好評2021沒爛尾神劇不只《遺物整理師》這部號稱神級結尾《模範計程車》大結局這部因為中途換編劇讓很多觀眾擔心會爛尾沒想到《模範計程車》結局卻備受好評李帝勳更透露如果有第2季他很樂意接演ampBEAUTY美人圈3天前bookmarkbordersharemorevert近期韓劇話題度排行懸疑劇成近期主流《模範計程車》排第二《文森佐》話題度超狂《黑道律師文森佐》上週迎來大結局收視率一舉拿下tvN歷年排行第六成為最近評價最高的韓劇而韓國數據分析機構GOODDATA就公開了韓國國內近期話題度ampYahoo奇摩5月16日bookmarkbordersharemorevert《某一天滅亡》徐仁國和滅亡差好多摩天輪告白廢到笑徐仁國身世秘密堪比韓劇精彩《某一天滅亡來到我家門前》徐仁國＆朴寶英劇中互動無比高甜尤其滅亡徐仁國更是超會撩讓許多網友都直呼心動不過戲外的徐仁國不像滅亡那樣高冷ampBEAUTY美人圈8天前bookmarkbordersharemorevert為死者道出最揪心遺願韓劇《我是遺物整理師》只要你記得就永遠不會消失|橘世代眼睛看不到不代表不存在只要你記得就永遠不會消失《MovetoHeaven我是遺物整理師》整部劇扣著生與死讓我們看到那些消逝生命的背後故事而ampMISC4天前bookmarkbordersharemorevert《大發不動產》張娜拉心碎演技好評炸裂鬼媽媽過世真相讓她崩潰熱播韓劇﻿《大發不動產》﻿劇情越來越緊湊新播出的1112集中張娜拉飾演的洪治亞發現去世的媽媽靈魂不是成為大發不動產地縛靈而是附身在自己amp柯夢波丹5月25日bookmarkbordersharemorevert《愛的迫降》竟然不是第一有線電視收視率最高韓劇Top5《鬼怪》也輸給它2020年精彩韓劇超級多而在去年竟然就有兩部劇衝上直接刷新韓國有線電視台的收視率根據南韓付費電視台最高劇集收視率做出的整理大家喜愛的《ampYahoo奇摩5月14日bookmarkbordersharemorevert找不到結果韓劇信箱股市氣象運動名人購物中心商城拍賣影音汽車機車電影字典遊戲理財房地產時尚美妝折扣城電影明星電影專題報導影評第93屆奧斯卡金馬奇幻影展電視時刻追劇咖線上戲劇線上電影玩命關頭9黑寡婦噤界II訂票客服中心戲院總覽電影時刻電視時刻快速訂票電影明星選擇片名請選擇片名選擇地區查詢選擇分類請選擇分類西片國片戲劇綜合知性日本音樂卡通財經宗教選擇頻道查詢查詢選擇戲院請選擇戲院選擇片名選擇日期選擇場次選擇數量查詢查詢電影台北票房榜全美票房榜榜玩命鈔劫★《福爾摩斯》《阿拉丁》億萬大導蓋瑞奇最新力作★地表最帥光頭傑森史塔森繼《玩命關頭》後最強動作鉅獻★傑森史塔森蓋瑞奇四度合作黃金組合激爆大銀幕★耗資15億台幣重金打造全美由《007》發行商MGMUA影業超過3000間戲院盛大發行★全美5月7日暑期第一檔重磅上映搶先全美上映 行事作風硬派的神祕男子H傑森史塔森飾任職於運鈔車公司每周負責於洛杉磯街頭運送上億鉅款在一場劫案中H展現的驚人身手震驚了所有同事眾人紛紛猜測起他究竟是何方神聖隨著劫案接二連三發生H成為運鈔車保全的真正動機也逐漸明朗1玩命鈔劫2大鼻子情聖英國國家劇院現場3相信黎明的到來4死亡漩渦奪魂鋸新遊戲5薄荷糖《4K數位修復》6當男人戀愛時7魔戒三部曲王者再臨《經典再現》8魔戒首部曲魔戒現身《經典再現》9名偵探柯南緋色的彈丸10聽見歌再唱統計2021051520210516厲陰宅3是惡魔逼我的《厲陰宅3是惡魔逼我的》改編自華倫夫婦的真實檔案該片揭露了一則集恐怖謀殺與未知惡魔令人寒毛直豎的故事讓即便身為資深超自然現象調查者的艾德和羅琳華倫也感到害怕在這個他們偵辦過最聳人聽聞的案件中一開始他們要拯救一名年輕男孩的靈魂接著他們經歷了前所未見的遭遇並遇見了全美第一位以惡魔附身做為殺人抗辯理由的謀殺嫌犯1厲陰宅3是惡魔逼我的2噤界II3時尚惡女庫伊拉4奔馳吧小馬王5尋龍使者拉雅6玩命鈔劫7死亡漩渦奪魂鋸新遊戲8鬼滅之刃劇場版無限列車篇9哥吉拉大戰金剛10DreamHorse統計2021060420210606統計20210612看看看電影原聲帶Cars3閃電再起★收錄葛萊美獎多項肯定TheBlackKeys藍調搖滾樂團主唱DanAuerbach鄉村搖滾天王BradPaisley等音樂巨星為電影量身訂作歌曲★吉他小清新JamesBay新生代靈魂女歌手AndraDay爵士巨匠LeaDeLaria翻作多首跨世代經典歌曲賦予全新面貌 電影界的傳奇動畫名廠皮克斯以1995年的《玩具總動員》系列打動全球數億人的心並且在之後接連以《蟲蟲危機》《怪獸電力公司》《海底總動員》《料理鼠王》《天外奇蹟》等知名動畫電影成功開拓出自己的王國在2006年皮克斯開發了全新系列動畫《Cars》締造出完全車子為主角的劃時代電影作品而2011年推出的續作《Cars2世界大賽》在全球總計賣出超過170億的驚人票房再次成功地將皮克斯推往高峰,0.4322,7.22524262641855E-11,7.22524262641855E-11,7.22524262641855E-11,,,,,,,7.22524262641855E-11,,7.22524262641855E-11,7.22524262641855E-11
睽違了6年皮克斯原班人馬回歸帶來了《Cars3閃電再起》在《Cars3閃電再起》中已成為世界知名超級巨星的主角閃電麥坤LightingMcQueen遇上了具有全新升級配備超跑賽車等級的無敵新秀暴風傑克森JacksonStorm為了不讓傑克森搶走風頭焦急無比的麥坤挺而走險沒想到竟在賽車場上發生了重大的車禍而被迫退出比賽喪失了一切資源的麥坤必須要從頭來過慢慢地讓歸零的自己重新容光煥發,0.9322,,,,,,,,,5.611,,,,0.3613164222653460
已經為《Cars》《Cars2》獻出4首作品的鄉村樂界的天王人物BradPaisley這次依舊獻出Truckaroo與ThunderHollowBreakdown兩首演奏曲穿插在破壞車賽的橋段中不僅展現了他高超的音樂功力更替電影增添了豐富的色彩,0.0432,,,,,,,,,,4.33,,0.21011,0.9220991927038150
備受迪士尼推崇的創作女歌手ZZWard與葛萊美鄉村藍調歌手GaryClarkJr合唱片尾曲Ride,0.021,,,,4.311,,,,,,0.320112,,,0.9781301188539410
除此之外亦收錄多首驚喜翻作StevieWonder提拔葛萊美獎提名新生代靈魂女歌手AndraDay不僅在電影中配音SweetTea一角之外也貢獻一首她翻唱工人皇帝BruceSpringsteen1984年名曲GloryDays的全新版本,0.81,0.9332,,,,,,1.655,,,,,,0.9997002478845250
吉他小清新JamesBay翻唱美國草根天王樂團TomPettyandTheHeartbreakers1991年的KingsHighway以些許IndieRock的風格點綴凸顯了眾賽車於狂奔時的最佳氛圍,0.432,1.01,,,,,,,,1.543,,,,0.9760051805014590
另也收錄迪士尼墨西哥新秀JorgeBlanco將TheBeatles的DriveMyCar爵士巨匠LeaDeLaria將靈魂樂之后ArethaFranklin的FreewayofLove的重新演繹版本首首皆為電影留下了最完美的註腳更讓其中的氣氛因旋律的渲染而達到完美之境你最近瀏覽的電影服務中心|隱私權更新|建議|我們的廣告|服務更新|由Yahoo奇摩電影提供KSD韓星網KPOP明星韓劇綜藝電影畫報專題Beauty生活話題韓星來港活動韓星來台活動有獎活動繁中简中圖片星檔已追蹤的偶像今日推介李光洙在《RunningMan》11年的最後一個故事預告照公開再見我們特別的兄弟13日播出的《RunningMan》是李光洙在節目中11年的最後一個故事TWICE定延辛苦了頸椎手術康復後減重8kg新專輯終於更新久違的直拍了令人期待的Bromance《惡魔法官》花絮池晟大方要求後輩朴珍榮要像bobo一樣靠近❤MAMAMOO輝人不再與RBW續約但因為4人對團體的熱愛輝人團體約《大發不動產》完美驅魔完美收官網評為佳作就像名字一樣大發EP3長得像RedVelvetIrene的女偶像昨天打歌新造型讓網友驚訝人氣討論近期超好哭看完必推的三部電視劇《我是遺物整理師》《如蝶翩翩》《大發不動產》189韓劇《大發不動產》今晚大結局張娜拉和鄭容和發表終映感言很幸運而且難以忘懷179男主運勢欠佳李浚赫連幾部主演成績低迷實力雖好卻變成收視毒藥146《大發不動產》完美驅魔完美收官網評為佳作就像名字一樣大發EP3132結局141羅PD終於履行賭約宋旻浩個人超大型節目《宋旻浩的pilot》在25日播出預告已經讓人大爆笑136《所以我和黑粉結婚了》因配角戲太煩播放量僅四萬2PM燦盛的鼻孔躺著也中槍ㅠㅠ133MAMAMOO輝人不再與RBW續約但因為4人對團體的熱愛輝人團體約延長到2023年109《RunningMan》李光洙退出後的新一期開錄劇本流出明知道是虛構的但看完真的要哭了96最新文章雖然是巧合但卻變成了《RunningMan》獨有的五年魔咒宋仲基Gary李光洙綜藝很遺憾但也希望大家都能發展得很好當嘉賓也不錯啊TAT2021年6月12日 星期六1454 MiJimin  《文明特急》特輯2PMAfterSchoolNineMuses等團帶來舞台網友們提出下次想見到的舞台KPOP11日晚播出的《文明特急》的特別企劃《回眼名》컴눈명指即使重新回歸閉上眼也會是名曲2021年6月12日 星期六1433 Yuan  朴殷碩在《ThePenthouse3》衝擊性的雷鬼頭戴滿金飾造型大變身網友笑到暈倒韓劇【多圖】金順玉的劇本輪迴就是演員Ａ角色離開再用Ｂ角色復活無限利用下去XDDD忽然覺得朴殷碩的造型師真的好忙還要發揮無限創意這個工作很有挑戰性耶2021年6月12日 星期六1255 MiJimin 16MVBTS防彈少年團X現代汽車Hyundai合作曲《IONIQI'monit》MV公開DAY6EVENOFDAY主打歌MV公開暖心橋段讓粉絲動容朴軫永再次爆笑出演自家女團MVJYP日本女團NiziU首單公開NATURE新歌MV挑戰驚悚童話風部份畫面不過審刪減OhreallyNFlying今凌晨公開了新曲《아진짜요》MV5人真的太可愛防彈少年團姜丹尼爾的新歌MV拍攝地在同一個LA劇院李光洙在《RunningMan》11年的最後一個故事預告照公開再見我們特別的兄弟綜藝13日播出的《RunningMan》是李光洙在節目中11年的最後一個故事2021年6月12日 星期六1139 Yuan 4TWICE定延辛苦了頸椎手術康復後減重8kg新專輯終於更新久違的直拍了KPOP定延這段真的辛苦了以後都要健康的啊2021年6月12日 星期六1130 Sani 7金瑞亨金賢秀最新電影《女高怪談6母校》比鬼更恐怖的是人電影《女高怪談》系列一直是韓國相當經典的恐怖鬼片系列本次更是相隔了12年再度推出同系列新作品並找來電視劇中《天空之城》《我的上流世界》的演員金瑞亨與《ThePenthouse》系列中的裴露娜金賢2021年6月12日 星期六1104 Erin  《ThePenthouse3》尬歌大姐頭曾出演《Signal》真身還是音樂劇演員明星高人氣劇集《ThePenthouse3》已開播兩週劇情如同觀眾預期狗血還上演監獄求生記本劇最大反角金素妍淪落階下囚與大姐頭同住一間牢房起初還氣焰囂張搞不清楚地盤歸屬問題被狠狠教訓2021年6月12日 星期六1053 小水滴 39令人期待的Bromance《惡魔法官》花絮池晟大方要求後輩朴珍榮要像bobo一樣靠近❤韓劇【花絮影片】池晟真的是太照顧後輩了各種小動作都非常貼心互動氣氛真好2021年6月12日 星期六0924 MiJimin 7《ThePenthouse》最新官方周邊主角人偶Hera宮殿積木之前的沈秀蓮毛巾清雅藝高文具組也超有sense韓劇SBS近日公開了《ThePenthouse》新的官方周邊是限量2000組的主角人偶和HeraPalace大樓包括之前幾次推出的電視劇周邊在內全都很有sense啊XDD2021年6月12日 星期六0900 Sani 20《Undercover》明結局池珍熙金賢珠希望大家感受主角在危機中綻放的堅韌體認家人的意義韓劇JTBC金土劇《Undercover》臥底即將在今晚及明晚分別播出EP15與EP16結局今11日男女主角池珍熙與金賢珠發表了終映感想以及最終回看點2021年6月11日 星期五1630 草莓 8《五月的青春》高旻示再出演復古電影作品《走私》與廉晶雅金憓秀趙寅成合作明星日前才剛播畢的復古純愛電視劇KBS2《五月的青春》劇中主角高旻示與李到晛的戀情令人動容而高旻示立即投入新的電影作品《走私》的拍攝故事同樣發生在1970年代想必將再度呈現復古造型2021年6月11日 星期五1537 Erin 4MAMAMOO輝人不再與RBW續約但因為4人對團體的熱愛輝人團體約延長到2023年KPOP今年1月RBW就表示因為有很多推測性的傳聞和消息因此決定公開MAMAMOO續約情況2021年6月11日 星期五1525 Yuan 110國情院最精銳特務韓志赫即將登場《黑色太陽》南宮珉劇照首公開韓劇MBC與wavve斥資150億韓元的大作《黑色太陽》即將在下半年登場今11日公開了首波男主角南宮珉的劇照2021年6月11日 星期五1425 草莓 21《新西遊記9》要回來了韓媒8月開始進行拍攝10月播出安宰賢也將在這一季回歸綜藝今日11日根據每日經濟매일경제報導《新西遊記》將在今年夏天投入拍攝第9季最快將於8月進行首次拍攝預計接檔6月25日首播的《第六感2》在10月播出2021年6月11日 星期五1424 Yuan 36有雷《LawSchool》惡人自有天收教授教導學生們學習法律的那一瞬間法律必須是正義EP16完韓劇有雷從一開始就峰迴路轉層層揭開秘密的《LawSchool》終於完結惡人高型秀議員終究還是被送入大牢迎來大快人心的結果不過另一頭同學們的正義辯論法庭大賽刑法組姜率A與民法組徐智浩能夠順2021年6月11日 星期五1331 Erin 111189012345678下一頁追蹤KSD訂閱KSD熱門標籤池昌旭金汎RunningMan朴寶劍所以我和黑粉結婚了ThePenthouse3李帝勳李光洙李昇基TWICEBTOB2PM惠利防彈少年團蔡秀彬張基龍崔振赫宋仲基MAMAMOOLawSchoolBLACKPINK出差十五夜朝鮮驅魔師徐玄振徐仁國五月的青春EXO某一天滅亡來到我家門前張娜拉我的室友是九尾狐李敏鎬秀英我的上流世界大發不動產宋智孝黑道律師文森佐曹政奭少女時代SuperJunior崔泰俊鄭容和金明民朴敘俊IU韓藝瑟金裕貞崔智友INFINITE柳俊烈玩什麼好呢熱門文章KSDcopy2021KSD韓星網版權所有不得轉載我們廣告查詢免責聲明招募寫手韓劇第1頁TVBS網即時熱門社會要聞全球生活理財房地產Focus食尚新奇科技運動大陸氣象精選黃金線Live不漏接議題民調生態文明專題好心肝疫苗爭議雙北醫療緊繃疫苗即時通全國三級警戒大家都在APPTVBS官網台北市24º27º全國三級警戒疫苗即時通即時要聞社會全球生活議題理財房地產氣象黃金線大陸Live不漏接科技Focus食尚新奇運動民調生態文明全國三級警戒疫苗即時通即時要聞社會全球生活議題理財房地產氣象黃金線大陸Live不漏接科技Focus食尚新奇運動民調生態文明全國三級警戒疫苗即時通即時要聞社會全球生活議題理財房地產氣象黃金線大陸熱門Live不漏接科技Focus食尚新奇運動民調生態文明臺北市24º27º全國三級警戒疫苗即時通即時要聞社會全球生活議題理財房地產氣象黃金線大陸Live不漏接科技Focus食尚新奇運動民調生態文明全國三級警戒疫苗即時通即時要聞社會全球生活議題理財房地產氣象黃金線大陸Live不漏接科技Focus食尚新奇運動民調生態文明全國三級警戒疫苗即時通即時要聞社會全球生活議題理財房地產氣象黃金線大陸熱門Live不漏接科技Focus食尚新奇運動民調生態文明好康即時快報　立即TVBSAPP快訊藝人第2例李培禎無症狀確診新冠悲喊我怎得的快訊不斷更新／新北原民祭典活動停辦　全台活動異動一次看快訊不斷更新／10座負壓隔離艙抵台　各大醫院防疫措施一覽結果韓劇結果共2073筆直播議題擁有線條感肉肉臉　朴寶英傳授3招瘦身秘訣202106060929202106060929減肥防疫簡單朴寶英可愛韓劇北韓工程師私售韓劇遭槍斃　百人面前公開處決妻兒站首排202106021604202106021604北韓朝鮮南韓電影戲劇非法販售張基龍劈腿　新戲合作蔡秀彬Krystal喜劇電影接連上檔202105301235202105301235韓星電影我的室友是九尾狐同居感情大學防疫在家追韓劇上流戰爭3機智醫生生活26月開播202105291133202105291133新冠肺炎疫情疾管署新冠措施防疫《上流》金素妍首奪百想視后　申河均打敗金秀賢宋仲基拿視帝202105141131202105141131百想藝術大賞韓國韓劇金素妍上流戰爭申河均燒腦劇Undercover韓國80年代民主化運動　成題材背景202105111258202105111258韓劇Undercover民主化運動懸疑李到晛高敏詩李帝勳模範計程車替身代打太明顯導演道歉執導不足202105101248202105101248韓劇模範計程車動作戲替身導演道歉豪門狗血劇超荒誕　女星煩惱丈夫出軌小孩家教202105091812202105091812韓劇小三婚姻李寶英金瑞亨狗血劇朴寶英徐仁國首合作奇幻愛情劇　22cm最萌身高差超吸睛202105071137202105071137最萌身高差韓劇朴寶英徐仁國愛情九尾狐李寶英金瑞亨我的上流世界演豪門媳　請家教丈夫疑出軌202105061139202105061139出軌黑道韓劇韓國媳婦律師不受爭議影響徐睿知入圍視后　暫居百想人氣王202105051344202105051344徐睿知金正賢百想藝術大賞人氣獎雖然精神病但沒關係韓劇超強演技派李帝勳完美詮釋韓劇模範計程車各種角色202105041254202105041254李帝勳韓劇模範計程車劇情角色演技《文森佐》結局被批太過殘忍　宋仲基認出乎意料202105041124202105041124黑道律師文森佐韓國宋仲基韓劇黑道律師惡女纏身20年金素妍被票選最討厭女星　無辜挨轟滾出去202105031806202105031806女星韓劇惡女上流戰爭戲劇金素妍宋仲基《文森佐》完結　和全汝彬上演吻戲收視飆165%新高202105031349202105031349RunningMan宋仲基黑道律師文森佐全汝彬韓劇金正恩下達禁看韓劇　萬名學生嚇瘋自首求減刑202105021342202105021342北韓自首處罰學生年輕人思想《如果雨之後》浪漫甜蜜電影以信傳情　復古彩蛋致敬張國榮202104301248202104301248電影香港南韓下雨藝人感情修理無良上司　《模範》李帝勳懲戒職場霸凌202104271140202104271140判刑起訴南韓司機職場韓劇如蝶翩翩催淚70歲老爺爺學舞追夢　　蔡依林被圈粉力薦202104261139202104261139韓劇如蝶翩翩蔡依林力推律師劇正夯文森佐LawSchool懸疑劇情超精彩202104251240202104251240韓劇黑道律師文森佐宋仲基復仇收視母親節限定　身分證中3碼67折吃超夯韓式炸雞202104221449202104221449優惠身分證母親節打折折價券bbq台人愛看韓劇勝美劇網揭3關鍵特質get不到笑點202104201622202104201622追劇韓劇美劇影集Netflix韓劇吹私刑正義風李帝勳演小黃司機　專門代客復仇202104191807202104191807韓劇模範計程車李帝勳李昇基鬼怪孔劉見德魯納IU甜叫姐姐　影片破2百萬點閱202104171217202104171217電影韓國粉絲節目IU金正賢演《》改戲份擺臭臉傳惹哭徐玄　遭徐睿知控制202104131400202104131400徐睿知金正賢徐玄韓劇12345人氣點閱榜1偷談戀愛怕家人發現　女躲住男友房間11年沒人發現2北市60歲男發燒連日咳嗽　自行騎車就醫倒臥途中身亡3超昂貴面試台南41人擠爆房間恐遭罰246萬4交流道塞爆物流救護車全卡　交通部緊急放寬5郵差送貨驚見骨灰家屬哭著來領郵局非禁寄物6啥政策連假前一天自強號超空　下秒傻眼莒光號擠爆看編輯推薦1紓困金破3萬最多2年8種人申請補助方案一次看2端午改運絕招看這裡命理師點名4種人拜完旺整年3蘋果追蹤器AirTag實測　專家評這條件果粉願嘗鮮4喬科維奇擊敗納達爾　法網與西西帕斯爭冠5確診者用生命教會我的事　醫含淚求拜託不要回家6餐飲內用封印下　饗賓董事長1個月虧損破億話題熱播榜1麥當勞驚傳駭客攻擊　南韓客戶及員工個資外洩2AZ疫苗明日開打太趕　指揮中心15日為原則3專家曝端午改運10絕招　用對午時水發大財4疫情被迫停工佛老闆照發薪　清潔員感動淚崩去年也這樣5全國學生提早放暑假提前開學教育部長不太妥61個月未見憂被劈腿　女徵人代看男友一次500即時熱搜私奔鄰居紓困40疫苗民怨交通部端午連假失業東吳大學發燒本網站使用Cookies以便為你提供更優質的使用體驗若您點選下方我同意或繼續瀏覽本網站即表示您同意我們的Cookies政策欲瞭解資訊請見我同意感謝您訂閱TVBS跟上最HOT話題掌握脈動AllowNoThanks您的意見是我們前進的動力歡迎來信或來電反映意見反映servicetvbscomtw觀眾服務專線0226561599公司介紹人才招募節目表主播專區企業動態更正與澄清自律規範個人資料保護網站使用協定版權宣告業務服務節目版權銷售公開招標頂尖事務所TVBS官網TVBS網©TVBSMediaIncAllRightsReserved台北市內湖區瑞光路451號|聯利媒體股份有限公司韓劇相關報導懶人包照片影片評價爭議負評缺點PTTdcard|ETtoday雲　|手機版|APP|歷史活動|歷史專題|會員中心|家外媒體　FBIGRSSweibo最新熱門播吧專題精彩專題視覺說故事爽快看2021ETtoday高校畢新冠肺炎特別報導2021ET即賞屋小人物大故事ME桑造風的男人｜為世界打造看專題熱門活動東京奧運預測瘋　天天預測好禮抽抽送ᴺᴱᵂ慧眼看天下聲林之王官方網站第二屆東森盃捷運車站設計創意大政治社會華娛韓流電視音樂電影生活消費探索3C家電氣象美洲要聞東南亞要聞日韓要聞慧眼看天下大陸軍武華聞特派現場雲視頻財經投資理財財經最新頂尖企業金融保險股匯行情直銷雲論醫藥兩性飲食百科檸檬中職直播中職棒球MLB籃球綜合足球時尚名人時尚奢逸潮流美麗生活房產車雲寵物寵物好萌寵物百科動物熱搜特惠眼霜特惠唇筆看電影民調雲法律雲愛心雲恩典雲保險雲遊戲雲行銷雲ETtoday熱搜關鍵字韓劇韓劇《上流世界》李寶英貴婦行頭揭秘　PRADA洞洞裝Coé包全到齊由李寶英金瑞亨出演的韓劇《我的上流世界》獲得高度關注除了灑狗血的驚悚劇情劇中李寶英的貴婦造型更是引發話題不僅從頭到腳精品加持穿著PRADA洞洞裝Blumarine豹紋花卉拼接長洋裝宛如百變服裝秀讓觀眾看得過癮202106101640《我是遺物整理師》金句一樣的東西有人看到愛有人看到恨近日由李帝勳唐俊尚以及池珍熙等人領銜主演的超夯熱播韓劇《我是遺物整理師》全劇共十集已上架於影音串流平台Netflix上劇情罕見的取材自殯葬產業透過亡者的遺物來悼念理解逝者的一生身為遺物整理師的責任就是要藉由各種遺物來傳達那些來不及說出口的愛與故事202105280003韓星拍戲一半突宣布下車韓媒挖出真相性騷工作人員慘遭換角韓星捲入爭議遭換角時有所聞但拍一半沒理由的下車指離開的較少見最近韓媒便爆出有一名演員正在拍新劇戲劇都快要播出前突然被換角挖出真實原因竟然是性騷工作人員雖然尚未播出但得找替補演員全都重拍害慘劇組202105081835《文森佐》15個寫實戳心黑道金句最殘酷的煉獄是我已經開始想念她了由宋仲基飾文森佐卡薩諾與全汝彬飾洪車瑛主演的韓劇《黑道律師文森佐》開播期間幾乎佔據Netflix熱播第一名近日正式完結迎來高收視與粉絲們的掌聲不捨整齣戲劇有笑有淚也有充滿社會寫實的一面以下就一起來回顧15個讓人難忘的黑道金句202105052202《上流戰爭》雙胞胎超狂時尚照親密Pose連發　網驚絕配韓劇《Penthouse上流戰爭》第三季即將在６月播出熱度始終居高不下其中飾演雙胞胎兄妹碩勳碩景的演員金永大和韓智賢在戲外也紅到登上南韓雜誌封面兩人拋開兄妹包袱不僅親密相擁擺拍且造型前衛時尚表現力十足引發網友熱議被清雅藝高耽誤的模特兒202104222040宋仲基穿西裝帥氣回歸《黑道律師文森佐》以惡止惡　伸張無賴正義稱霸近期Netflix的韓劇《黑道律師文森佐》由《太陽的後裔》《軍艦島》的宋仲基與《打架吧鬼神》2PM的成員玉澤演領銜主演劇情講述為逃避黑手黨追殺因此逃到韓國的黑手黨顧問文森佐偶然結識洪車瑛律師後兩人一同經歷了人性黑暗的邪惡202104221657《朝鮮驅魔師》嚇壞中資　這部新韓劇全刪中國廣告古裝韓劇《朝鮮驅魔師》因為出現中國元素被認為扭曲歷史遭到韓國網友成功抵制下架這起事件也讓中方投資人十分緊張據韓媒《亞洲經濟》13日報導稱中國製作方愛奇藝多方考量後決定刪除新韓劇《我的室友是九尾狐》裡面中國產品置入的廣告202104151251《上流戰爭》朱碩景仙女畫報曝光換清純洋裝認不出　網美翻韓劇《Penthouse上流戰爭》第二季剛剛完結收視更是不斷創新高也讓劇中演員爆紅其中飾演朱碩景的女星韓智賢將大小姐形象演得恰到好處戲外她也接下了雜誌封面拍攝跳脫劇中的惡女氣質而是換上頗具仙氣的洋裝擺拍讓粉絲見識到與眾不同的一面直呼朱碩景脾氣好一點根本是仙女202104051330《上流戰爭》金素妍淡妝美翻戲外超大反差氣質長裙露S曲線韓劇《Penthouse上流戰爭》播出至第二季仍引發高度關注其中飾演千書真的女星金素妍近期拍攝的時尚畫報出爐不同於劇中的濃妝惡女形象以超淡妝彰顯精緻五官搭配氣質長洋裝出鏡果真營造出超強反差引發網友驚呼淡妝也好美202103280603韓劇出現中國月餅　韓網友批賣國請願青瓦台韓劇《朝鮮驅魔師》史上最短命電視劇才剛播放兩集因為被韓國觀眾投訴歪曲歷史遭到抵制到停止製作連夜下架贊助商緊急撤資製作方電視台紛紛道歉最終原因竟然是劇中出現中國的月餅皮蛋及服裝202103271749宋慧喬離婚後首度回歸確定演出《正在分手中》搭檔張基龍再譜姐弟戀39歲的韓劇女神宋慧喬前年結束不到2年的短暫婚姻之後曾表示暫時不會接拍新作品想休息一段不過SBS電視台10日表示演員宋慧喬張基龍金柱憲崔嬉序將出演新劇《現在正在分手中》202103242105圖多／《文森佐》義大利場景全是CG　宋仲基藍幕前獨演對手戲韓劇《黑道律師文森佐》第一集就有超大排場和美麗的義大利建築尤其放火燒掉整片田的場面更是浩大tvN最新曝光的幕後影片中就放出了CG的前後對比影片許多觀眾看了才知道原來義大利的場景全都是後製的202103130924北韓掃蕩韓流年輕人看韓劇學叫歐巴　當局硬起來罰到底北韓朝鮮自從去年底制定《反動思想文化排擊法》後宣布強力掃蕩南韓影視文化殘留的語言使用習慣當局表示若隨意散播南韓影劇最重恐處死刑收看者則最重判15年徒刑黨務機關報近日發表報導呼籲民眾維持使用正統平壤話的習慣抵制文化侵略其實有年輕的脫北者坦承近年來北韓年輕人的語言習慣的確混入許多時下南韓年輕人使用的流行語202103081749《MOUSE》太血腥暴力觀眾擔心童星狀況　金康勳母曝側拍片回應南韓戲劇《MOUSE》由於涉及暴力血腥和心理變態等劇情除了以限制級分級播出外還在開演前以字幕方式告知童星拍攝過程中都有接受心理諮商是很安全的狀態即使如此觀眾看完還是覺得太可怕且擔心對此擔任其中一角的童星演員金康勳媽媽特別發文202103051202慧眼看天下／元宵節美台同樂加州財政部長拜晚年有越來越多華裔人士在美國政壇大放異彩這些精英有不少是女性《慧眼看天下》很榮幸訪問到加州財政部長馬世雲她早年闖蕩政壇擔任過舊金山市市議員加州亞裔居民最多的第十二區州眾議員現在是加州財政部長在華人區非常知名她的祖父馬鉁是中華民國陸軍中將抗日名將也是昆明第一任市長202102262226《薛西弗斯》Netflix前3朴信惠＆曹承佑　將陷入無限循環劇名洩玄機在《Sisyphusthemyth薛西弗斯的神話》的故事裡劇名暗示男女主角將會在拯救改變未來的時空不斷輪迴當下兩位主角會被困在似乎永遠沒完沒了的任務中出不來依據曹承佑受訪的片段來推斷男主角韓泰術曹承佑飾應該是這個主線劇情時空第一次遇到從未來穿越的女主角姜瑞海朴信惠飾202102260500Netflix科幻韓劇《薛西弗斯》朴信惠自帶電磁波　曹承佑被監控在《Sisyphusthemyth薛西弗斯的神話》前兩集中管制局的出現與運作以及姜瑞海朴信惠飾身處的未來情景耐人尋味韓泰山對韓泰樹曹承佑飾的一句話更能看出端倪他叫他不要打電話要當面講的才不會被監聽202102260500Netflix科幻韓劇《薛西弗斯》曹承佑眼神有戲　朴信惠演太妹沒問題《Sisyphusthemyth薛西弗斯的神話》此劇聚焦到主角韓泰樹光是開頭的兩集曹承佑細膩的詮釋流轉在眼神肢體語言嘲諷又心碎的笑撐起了兩集的至於女主角嗎我覺得她去演太妹應該絕對沒問題笑當然只看兩集就這樣評斷他實在太不妥當有失公允202102260500Netflix夯劇《薛西弗斯的神話》曹承佑X朴信惠　開場如科幻災難片Netflix夯劇《Sisyphusthemyth薛西弗斯的神話》前兩集開場大手筆人物本質上面的鋪陳很縝密運鏡故事節奏與男主角韓泰術曹承佑飾演技都是高水準以上而包辦武打動作的朴信惠非常有誠意的非常乾淨俐落的打了非常多場架而且都是一對多202102250500《哲仁王后》薛仁雅對申惠善　由羨慕生嫉妒　原來敵人最了解自己《哲仁王后》人物解析與敵人做朋友宜嬪趙花真薛仁雅飾演的女二宜嬪趙花真在《哲仁王后》裡是一位比較容易被忽略但依舊很重要的角色畢竟申惠善飾演的昭容或金正賢的哲宗都能在充足戲份下盡情發揮自然比較顯眼不過她在有限的戲份內仍然盡力詮釋角色202102240500熱門大S深夜私人IG發聲蔡屠殺我們插隊釀車禍五股交流道癱瘓　苦主別上來快訊／再增26死今日新增250例本土高雄下午開打疫苗　他酸柯P看好了只示範一次直擊台中妙齡女全裸買木瓜牛奶　路人全驚呆PO文買菜經過確診足跡　宜大副教授今離世小資族花4萬7千元衝美國打疫苗網超心動大S喊完被屠殺又暴走黑底白字撂狠話包偉銘獨子包庭政車禍賠償案　賠38萬確定即／端午連假台65線南下塞爆　車龍超過1公里大S喊屠殺回應我們不是白老鼠史上最難進交流道立委害慘這群人國道紅爆神人曝返鄉潮真相70%通勤族劉寶傑粗口萬華人欠民進黨嗎孩子說床底有怪物　半夜現身嚇瘋全家最夯影音妹妹秀超溜台語0卡詞　反差萌勸世沒事別改嗯當共婦人甩垃圾失敗回收物掉滿地　清潔人員怒砸傷人妳賠得起嗎國產疫苗遭爆料價格貴8倍陳時中爆氣不是說再貴都要買美容坊藏VIP包廂10男女群聚歡唱　他嗆罰款我全包陳其邁怒試試看患難見真情日送台124萬疫苗　小女孩日語感謝讓我能安心成長熱門快報各路專家即時開箱賞屋掌握房市第一手消息專家實境開箱賞屋分析帶你一探究竟北中南房市不能錯過的最新資訊都在這雲APP要你隨便花2020年尾神加碼看送購物金和咖啡再讓你用東森幣瞄準萬元獎品東森寵物險毛孩健保寵物雲唯一推薦不限醫療次數免自負額汪喵星人嚴選寵物險全球瘋奧運四年一度地表上最強賽事看這裡2020東京奧運議題看這裡最即時最多元最豐富【有獎】寫出疫情下的心聲疫情重創經濟中小企業面臨倒閉醫療崩壞在即在動盪中寫出屬於你的故事618年中慶不買對不起毛孩61630年中慶寵物雲毛毛商城全館滿額享折扣最高可折600元不買對不起毛孩台北捷運廣告刊登ETtodayNo1的廣告代理商精彩案例搶先看我要投稿人才招募我們集團簡介廣告刊登合作提案客服信箱合作媒體Site著作權聲明免責聲明RSS訂閱東森新媒體控股股份有限公司ETtoday雲版權所有非經授權不許轉載本網站©ETtodaynetAllRightsReserved電話+886255556366回到最上面foryoustarborderCOVID19··韓星搶打疫苗Rain大曬手臂謝醫護韓國政府10日起開放施打美國嬌生疫苗金泰希戲裡戲外的老公恰巧都在首日預約接種韓流天王Rain鄭智薰和在《哈囉掰掰我是鬼媽媽》中和她配對amp中時網11小時前bookmarkbordersharemorevert韓星帶頭打疫苗天王喜曝接種近況中心／林亭妤報導為抑止新冠肺炎持續延燒不少國家紛紛積極呼籲民眾接種疫苗以南韓目前施打情況來說雖然第一劑施打率已達2197％但第二劑施ampYahoo奇摩3小時前bookmarkbordersharemorevert防疫期間韓星都在家做xx事11位超宅韓星的居家活動看看他們的日常有多慵懶|Bellatw儂儂最近疫情升溫相信大家都有乖乖待在家防疫吧如果是屬於熱愛戶外活動總是往家門外跑的類型這段一定很痛苦反之原本就是宅男宅女的人一定ampBella儂儂6天前bookmarkbordersharemorevert韓星頂級豪宅曝光IU130億現金付款朴敘俊家裡有戲院Jennie床墊上百萬有錢到無法想像大家都知道頂級韓星們賺錢的速度很驚人賺這麼多錢的情況下很多人都會選擇買豪宅自住或是當作房地產投資今天就要來公開韓國明星們的頂級豪宅像是ampYahoo奇摩2天前bookmarkbordersharemorevert網熱議韓星超帥從軍入伍照玄彬玉澤演軍照超Man李東海軍照非粉絲都在存從軍入伍絕對是韓國男性一生中最重要的事而對男星來說入伍當兵不僅會使形象更好魅力也會加倍而最近網路上就有網友討論起韓星的超帥入伍照玄彬ampBEAUTY美人圈3天前bookmarkbordersharemorevert楊冪撞衫韓星Jennie輸了下身失蹤尬美腿不敵人間香奈兒南韓女團BLACKPINK成員Jennie有人間香奈兒封號日前她拍攝時尚畫報時穿著香奈兒CHANEL春夏系列中的粉色長版針織衫擺拍以下衣失蹤的ampETtoday4天前bookmarkbordersharemorevert韓星也瘋狂AromaTruffle推出頂級麻辣新品頂級麻辣黑松露洋芋片AromaTruffle經典口味除了原味帕瑪森起司及蜂蜜芥末三種外今夏也推出最新的頂級麻辣黑松露洋芋片主打黑松露和花椒搭配的多層次amp食力foodNEXT2天前bookmarkbordersharemorevert韓星李帝勳挑戰遺物整理師美食想到快發瘋宅家防疫別怕劇荒Netflix新劇MovetoHeaven我是遺物整理師以遺物整理師為主題刻畫溫馨故事劇中主角曾訪台的韓星李帝勳欽點5項美食大呼amp中央社即時5月17日bookmarkbordersharemorevert韓星房產富翁Rain金泰希稱樓王樓后疫情當前重創全球各行各業許多藝人靠拓展副業來維持收入有些人則靠買房不用工作就能賺得盆滿缽盈不只台港明星愛炒地皮韓星更是有不少擅長ampYahoo奇摩5月30日bookmarkbordersharemorevert《我的室友是九尾狐》惠利表情包爆發韓星表情包特輯金素妍李帝勳表情包太瘋韓星表情包特輯韓星表情包特輯《我的室友是九尾狐》惠利《我的室友是九尾狐》開播劇情不僅夠甜張基龍與惠利CP感相當夠其中惠利不計形象的演出ampBEAUTY美人圈15小時前bookmarkbordersharemorevertIU新購入130億豪宅曝光韓星頂級豪宅秀智富到超乎想像這位連家具都名牌根本公主IU花130億買下的豪宅曝光近日韓媒爆料IU以130億韓元約台幣32億買下首爾清潭洞的豪宅IU今年才29歲就有這樣的財力讓不少網友都很震驚甚至直呼這ampBEAUTY美人圈昨天bookmarkbordersharemorevert資源好到爆的勞模韓星盤點金永大宋江李到晛根本霸屏演員潤娥存貨待播劇驚人近期韓國新生代演員中就屬金永大宋江作品最多韓劇一部接一部在2021年根本是霸屏的存在今天盤點幾位資源好到爆的勞模韓星不像一般演員一年一ampBEAUTY美人圈8天前bookmarkbordersharemorevert中國藝人自誇祖國連續20天無本土案例韓星露出匪夷所思神情引發討論上報疫情影響全球連韓國綜藝節目也把疫情作為討論話題由韓星李昇基車銀優梁世炯申成祿金東炫主持的熱門節目《家師父一體》在5月30日最新一集找amp上報9天前bookmarkbordersharemorevert26歲韓星確診新冠肺炎隔離ing拍檔宋江韓素希採陰不停工｜蘋果網｜蘋果日報26歲韓國男星金敏貴今年演出《前輩那支口紅不要塗》《LUCA物種起源》等劇戲約不斷還參與宋江與韓素希主演的JTBC新劇《無法抗拒的他》暫譯amp蘋果日報5月31日bookmarkbordersharemorevert打敗宋仲基孫藝珍2021韓國演員熱搜榜TOP10出爐冠軍讓網友全跪了雖然疫情嚴重但好險宅在家還是有許多精彩的韓劇可以看最近就有一份2021年韓國演員熱搜的榜單出爐沒想到《愛的迫降》孫藝珍還有《黑道律師文森ampYahoo奇摩5月21日bookmarkbordersharemorevert韓星輪住打丨Rain接種強生疫苗林周煥盼出國旅行｜蘋果日報現時南韓政府催谷市民打針計劃讓完成打疫苗的市民享有特定防疫措施優待因此陸續都有不少韓星在網上表示已打疫苗包括韓劇《原來是美男》的39歲女星金amp香港蘋果日報昨天bookmarkbordersharemorevert改寫韓星紀錄BTS囊括告示牌4大獎第28屆美國告示牌音樂獎頒獎典禮23日登場連續5年獲得提名的南韓天團防彈少年團入圍4項大獎包含最佳組合最佳社群歌手全都順利獲獎還擊敗amp華視5月24日bookmarkbordersharemorevert網議最不想聽到他閃婚的韓星孔劉狂被提名IU朴寶劍閃婚網會心碎網對玄彬最矛盾新垣結衣宣布與星野源結婚讓不少網友都很震驚直呼自己失戀了女神新垣結衣結婚大家雖然很願意祝福但還是不免心碎於是就有網友熱議起最不希望ampBEAUTY美人圈5月29日bookmarkbordersharemorevert李昇基女友黑料連環爆被網唱衰的韓星情侶IU戀情曾被嘲這對被看衰婚後卻甜哭網友並不是每對情侶認愛都能像玄彬孫藝珍這樣獲得網友一致祝福的近期李昇基認愛女友李多寅然而李多寅卻被爆料家人是經濟犯這也讓網友擔心李昇基被ampBEAUTY美人圈9天前bookmarkbordersharemorevert追星族｜韓星疫情下靠videocall進軍全球帶動南韓經濟發展｜蘋果日報韓流襲全球當地產業更成為南韓重要經濟命脈之一研究韓國流行文化的中大社會科學院全球研究課程助理講師鍾樂偉形容韓國經理人公司好識做生意amp香港蘋果日報5月21日bookmarkbordersharemorevertBTOB前成員鄭鎰勛被判入獄6月10日首爾中央法院對鄭鎰勛判處2年有期徒刑立即執行追徵金額133億韓元因存在逃跑可能所以當庭羈押裁判部的量刑依據是長期大量有ampKSD韓星網昨天bookmarkbordersharemorevert台幣250元就能買到Lisa同款韓星都愛用的6大玩具風首飾平價品牌|美人計這股玩具首飾的炫風已經在韓國吹起很久了玩具首飾顧名思義是指那些長得像玩具的飾品像是鮮豔的串珠寶石及塑料感都勾起大家的童年回憶無論玩具amp妞niusnews5月26日bookmarkbordersharemorevert2021年擁最貴名車的韓星TOP10秀智揸百萬波子榜首擁千萬名車｜今日韓國相信不少男士都夢寐以求擁有一部名車韓國綜藝節目《TMINEWS》近日公開2021年擁有最貴名車藝人其中拿第一名的他雖然沒有車牌駕駛amp香港015月25日bookmarkbordersharemorevert《遺物師》李帝勳食煙勁自然原來是真煙民16個私下會抽煙的韓星｜今日韓國不少韓星私底下都是煙民例如李帝勳金秀賢崔宇植玄彬李敏鎬李鍾碩李政宰趙寅成泰民LUCAS池昌旭GDRAGONTOP韓韶禧amp香港015月31日bookmarkbordersharemorevert《某一天滅亡》朴寶英螢幕初吻給了他韓星螢幕初吻對象元斌親金素妍全智賢最驚人《某一天滅亡來到我家門前》朴寶英螢幕初吻竟然給了他朴寶英每次出演愛情劇和男星的CP感總會引起話題像是近期《某一天滅亡》朴寶英徐仁國這對CPampBEAUTY美人圈3天前bookmarkbordersharemorevert春風與超大咖韓星同框時隔2年PO照不知道過得好不好本土饒舌團體玖壹壹以獨特的台式曲風大受歡迎身為團長的春風個性直率不時會在Instagram分享生活點滴他在19日貼出和馬東石的合照暖心地寫ampETtoday星光雲5月19日bookmarkbordersharemorevert【KSD評分】由韓星網讀者評分《MovetoHeaven我是遺物整理師》來到TOP5大家看了嗎這星期有1套新劇開播是MBC的《有目標了》此劇為上年MBC劇本公募得獎作品連下星期播出一共有４集大家可以等下星期再一次過看每個星期小編ampKSD韓星網5月22日bookmarkbordersharemorevert無症狀患者如何治療韓星確診3週痊癒曝隔離SOP比自炊吃得好南韓諧星權赫秀透過深夜節目《SNLKorea》打開知名度他4月因與一名確診者進行會議交談沒多久被通知居家隔離之後在與對方接觸的第8天驗出陽性反應ampETtoday星光雲5月15日bookmarkbordersharemorevert比現在韓星帥得多溫昇豪親曝18年前長髮嫩照一秒迷倒全網溫昇豪在台劇《火神的眼淚》中飾演消防隊員邱Sir邱漢成讓觀眾們印象深刻記者潘少棠攝〔即時／綜合報導〕藝人溫昇豪在高人氣台劇《火神的amp自由9天前bookmarkbordersharemorevert母胎單身女神降臨中原大學超級反差萌歌聲超有磁性極似韓星的長腿天菜來惹Host黃濃濃濃Bagel歡迎來到Wa仔頻道全新系列第三波登場今天女神又降臨啦✨✨網美們都很高冷感覺很難親近今天就來打破你們的迷思其實女神都很健談超級好聊天長得超像李ampYahoo奇摩5小時前bookmarkbordersharemorevert2021染髮｜韓星髮箍染取代耳圈染成最Hit髮色自帶造型又減齡2020日韓掀起一陣流行的耳圈染頸上染你也跟上了嗎今年進化版髮箍染就像自然髮箍一樣超新穎又獨特韓國女團也紛紛跟上這波新amp香港015天前bookmarkbordersharemorevertTwice愛馬仕絲巾綁髮掀熱潮同場加映6款精品髪飾花小錢就能輕鬆Get韓星同款TWICE即將發行新專輯《TasteofLove》首波宣傳照一曝光立刻引發討論繽紛的愛馬仕Versace印花絲巾呈現濃濃夏日度假風更再次帶起絲巾綁髮風潮ampMSN2天前bookmarkbordersharemorevert保密到家蕭敬騰合體韓國男神NOWnews蕭敬騰老蕭近來工作滿檔更受邀與大咖韓星鄭容和合作全新單曲《禁愛》這首歌是鄭容和與蕭敬騰首度合作在錄製時因為疫情關係兩人雖然無法ampMSN昨天bookmarkbordersharemorevert孔劉有防腐劑美貌本人驚見青少年反應笑歪了韓星孔劉暖男外表下有教練級的好身材舉手投足間流露出的盡是自信自在出道滿20周年他近期受訪直言覺得自己撐得蠻久的ampudn噓星聞10天前bookmarkbordersharemorevert陳建州看韓劇驚呼潘瑋柏主演本人承認是我啊網看清笑翻新冠肺炎疫情擴散至全台多數民眾選擇待在家不出門藝人陳建州透過在Instagram分享最近看的韓劇讓網友在家可以找到事情做有趣的是他看了《我是ampETtoday星光雲5月21日bookmarkbordersharemorevert李時剛有秘密掉婚姻陷阱盼40歲前當爸韓星李時剛出道11年去年初曾來台演出BL劇2020因為愛你建立知名度在新戲秘密的男人中他飾演DL集團繼承人ampudn噓星聞10天前bookmarkbordersharemorevert韓星居家隔離竟確診新冠肺炎網憂車銀優李昇基恐遭感染在綜藝節目《家師父一體》中與李昇基車銀優等人共同主持的韓星申成祿雖然曾經接受檢測得到陰性結果但傳出在自我隔離期間感到身體不適再次採檢後amp鏡週刊4月28日bookmarkbordersharemorevert準備了3個月車銀優線上見面會獨厚台粉以漫改劇女神降臨中的酷男李修豪一角風靡全亞洲少女心的韓星車銀優歷時3個月的準備預計於65六1900舉辦2021JustOne10MinuteWithampudn噓星聞10天前bookmarkbordersharemorevert徐仁國自曝超怕冷冬天靠火爐取暖瀏海慘被燒掉韓星徐仁國和朴寶英近日為主演韓劇《某一天滅亡來到我家門前》接受本報書面訪問距離徐仁國上次來台舉辦粉絲見面會已是7年前他也直呼真的已經太久ampMSN22小時前bookmarkbordersharemorevert多位韓星遭點名為校園霸凌加害者《驅魔麵館》趙炳圭《梨泰院》金東希朴慧秀新劇也受牽連韓國演藝圈的校園霸凌事件持續延燒不少韓星都被點名曾是霸凌加害者包括《驅魔麵館》趙炳圭《梨泰院》金東希泫雅等等儘管經紀公司發聲明霸凌amp哈潑時尚3月4日bookmarkbordersharemorevert韓星拍戲一半突宣布下車韓媒挖出真相性騷工作人員慘遭換角韓星捲入爭議遭換角時有所聞但拍一半沒理由的下車指離開的較少見最近韓媒便爆出有一名演員正在拍新劇戲劇都快要播出前突然被換角挖出真實ampETtoday星光雲5月8日bookmarkbordersharemorevert韓網調查2020年10大最受歡迎韓星《愛的迫降》CP雙雙入榜在韓國具有一定公信力的蓋洛普民調GallupKorea近期發布2020年最耀眼藝人票選活動針對演藝圈認知和喜好度進行普查所評選出的結果amp香港013月26日bookmarkbordersharemorevert韓星可怕的吸血家人朴修弘被兄嫂騙走28億韓素希被母當ATM她們離開後還被吸血近期韓星朴修弘被兄嫂騙走台幣28億財產這件事在韓國鬧得沸沸揚揚朴修弘侄女甚至還曾對他說出叔叔的財產都是我的這樣的話讓觀眾都十分同情ampBEAUTY美人圈4月9日bookmarkbordersharemorevert知名韓星猝死家中哥哥悲痛趕往處理後事韓國嘻哈團體45RPM成員李賢培今17日驚傳死亡消息據了解李賢培疑似因心臟麻痺倒在濟州島家中過世享年48歲而他的哥哥李漢爾得知弟弟的死訊後ampYahoo奇摩4月17日bookmarkbordersharemorevert原來現在韓星都在瘋rosaK的迷你托特包泫雅Jessica李是英李周延等韓妞幾乎人手一個韓國包包品牌rosaKrosaK創立於2012年短短不到10年的即在韓國時尚圈佔有一席之地受到時尚圈人士包括泫雅Jessica李是英等大力熱捧成為新ampVOGUE時尚網5月3日bookmarkbordersharemorevert快訊／韓星李知恩陳屍家中準備驗屍確認死因南韓演藝圈再傳藝人逝世演員李知恩이지은今9日傳出離世消息享年49歲消息一出讓親友與粉絲全都哀傷不已首爾中部警察局表示8日晚間8時許ampYahoo奇摩3月9日bookmarkbordersharemorevert韓星金志洙認拍性愛片霸凌跪下道歉沒有辯解的餘地|憑藉《步步驚心麗》《大力女子都奉順》等韓劇受到矚目的演員金志洙日前爆出學生時期曾經霸凌他人拍性愛影片和朋友分享逼男生自慰給他看等荒唐amp新頭殼3月4日bookmarkbordersharemorevert奧斯卡／韓星鍍金第1人73歲尹汝貞奪女配驚呼終於見到小布73歲的韓國女星尹汝貞憑《夢想之地》勇奪奧斯卡金像獎最佳女配角至今累積拿下超過40座個人演技獎在頒獎前得獎呼聲大果然不出所料順利拿獎堪稱韓國amp中時網Chinatimescom4月26日bookmarkbordersharemorevert韓星代言魅力繼續熱燒Celluver香縷X黃寅燁CLIO珂莉奧XStrayKidsX高旻示2021韓國最夯男神黃寅燁人生首次代言獻給韓國香氛品牌Celluver香縷黃寅燁因演出韓國大熱校園劇《女神降臨》暖男書峻一角而人氣高漲深Instagram創下ampMarieClaire美麗佳人4月7日bookmarkbordersharemorevert南韓爆惡霸瘋行演藝圈2021捲入校園霸凌爭議的十大韓星|噓星聞近日南韓藝人涉嫌校園霸凌的事件層出不窮相關討論在網路上不斷發酵許多自稱是藝人求學時期同儕的網友出面聲稱過去曾是某些藝人在學校霸凌的受害者ampudn噓星聞3月4日bookmarkbordersharemorevert戲還在播卻傳猝逝惡耗韓星千靜荷享年52歲韓國女星千靜荷傳出在家中去世享年52歲由於她在熱播中的韓劇《MOUSE窺探》有演出讓不少觀眾看到她猝逝的消息相當驚訝據韓媒報導千靜荷生前患amp鏡週刊4月29日bookmarkbordersharemorevert韓國票選越來越有氣質的韓星Top8玄彬金秀賢都敗給他｜今日韓國韓國網站DCInside近日進行票選選出越來越有氣質的韓星TOP8玄彬金秀賢秀智等都榜上有名大家猜猜誰人氣質爆燈你的理想型的外表是amp香港012020年11月11日bookmarkbordersharemorevert韓星家底排行︱BLACKPINK出兩大千金有人為追夢放棄酒店繼承權人人都想出道做明星但有時沒有本錢的話都難以追夢特別在競爭極大的韓國圈除了BLACKPINK出名4位成員都來自有錢人家外原來都有不少amp香港015月1日bookmarkbordersharemorevert徐睿知陷爭議恐無緣百想大獎2021爆出醜聞韓星盤點金正賢毀星途下場最慘是他韓國演藝圈近期風波不斷先是前陣子多位韓星接連爆出在校時期的霸凌事件或霸凌團體成員等醜聞黑料到最近的徐睿知控制金正賢等都讓形象瞬間全毀ampBEAUTY美人圈4月24日bookmarkbordersharemorevert7大咖韓星爆霸凌小學同學指控賞巴掌泫雅遭點名南韓演藝圈近日掀起霸凌風暴繼《驅魔麵館》趙炳圭《梨泰院Class》金東希女團GIDLE穗珍前女團IOI金素慧男團SEVENTEEN珉奎演員朴慧秀ampNOWnews今日2月23日bookmarkbordersharemorevert90年代當紅韓星李知恩被發現家中身亡警方建議驗屍南韓女星李知恩紅遍90年代甜美外貌活力滿滿的形象深植人心但她今9日傳出過世享年52歲報導指出她朋友表示聯繫不上李知恩報警後才發現她ampNOWnews今日3月9日bookmarkbordersharemorevert10位演校園男神的韓星黃寅燁看不出30歲了李鐘碩根本標準學生專業戶天啊他已經30歲了嗎愛看青春校園韓劇的你是不是心裡常常這樣想不少韓國男演員都已經20好幾了甚至快40歲了卻還在演高中生大學生而且一點ampBEAUTY美人圈5月18日bookmarkbordersharemorevert用韓星金材昱照片騙單身女匯3萬保七+行員苦勸半小時屏東市張姓女子遭詐騙集團佯稱是韓國明星金材昱在FB採取柔情攻勢取得她信任後謊稱在美國拍戲雙腳受傷住院由於銀行出問題無法提款ampETtoday雲2020年11月17日bookmarkbordersharemorevert偶像也有迷妹日常6組追星成功韓星Lisa上節目告白孔劉還有她直接跟偶像變同事身為專業迷妹迷弟追星可是我們的日常但其實和許多人一樣有些韓星本身也隱藏著追星體質以下就為大家整理6組韓網熱議的追星成功偶像組合有些ampBEAUTY美人圈1月24日bookmarkbordersharemorevert韓星名車榜︱裴勇俊擁一部車擠身10名內GDBIGBANG竟只排第三節目《演中LIVE》上集整理出全新的韓星名車並公布了第11至19名的排名沒想到全智賢竟然只排15名今集節目終於公開名車榜的頭10位amp香港012月14日bookmarkbordersharemorevert《愛上女主播》韓星蔡琳驚爆二度離婚情斷6年中國老公高梓淇上報以演出《愛上女主播》在亞洲成名的韓國女星蔡琳與演過《新還珠格格》的中國老公高梓淇離婚傳言不斷果真amp上報12月17日bookmarkbordersharemorevert疫情爆發後首位來台韓星少時孝淵陪跨年台南市政府證實隔離中每年各地的跨年晚會都會比嘉賓陣容今18日稍早台南市長黃偉哲宣布今年台南跨年將請到少女時代成員孝淵名單一出讓網友又驚又喜但也有人amp中時網Chinatimescom12月18日bookmarkbordersharemorevert韓星第一個確診請夏首談內心想法自責好像都是我的錯南韓Solo女歌手請夏在2020年12月7日確診新冠肺炎在韓國圈引起軒然大波成為韓國藝人中第一個染疫的人所幸透目前已痊癒近期更帶著新作品回歸amp新頭殼2月24日bookmarkbordersharemorevert丁海寅唔認得RM冬菇蓋頭成黑歷史15個韓星出道前後差很大｜今日韓國不少韓星出道前後的樣子都差很大例如丁海寅南柱赫朴寶劍RMBTS孔劉李鍾碩金宇彬PO宋旻浩TOP尹斗俊金宣虎李宰旭等amp香港011月25日bookmarkbordersharemorevert金秀賢到場打氣IU李準基收粉絲心意韓星應援餐車其實很便宜咖啡車最近幾年在南韓電視劇或電影拍攝片場流行起來不僅能鼓舞工作士氣還能讓周遭的人看到自己的存在感或人氣所以每當它出現時總是叫拍攝現場的人ampETtoday4月17日bookmarkbordersharemorevert時尚立體口罩韓星都在戴Masklab漸層櫻花繽紛塗鴉造型拜年好喜氣玩咖ing自由電子報春節期間除了包紅包送禮盒時髦又喜氣的口罩更是實用選擇其中韓星都在戴的時尚立體口罩Masklab品牌即日起在也買得到了立體造型不影響妝容amp自由時報電子報2月6日bookmarkbordersharemorevert《Imitation》集結13位知名韓星揭演藝圈殘酷真相韓劇《Imitation》集結KPOP偶像參演包含前Tara芝妍UKISS濬榮《寄生上流》鄭知蘇ATEEZ潤浩等4人劇情描述在偶像輩出的演藝時代懷抱ampNOWnews今日5月8日bookmarkbordersharemorevert公寓花圃驚見屍體身分確認是知名韓星南韓知名饒舌歌手IRON今25日上午被警衛發現滿身是血倒臥在公寓花圃發現時已沒呼吸心跳送醫後宣告死亡得年29歲他本月8日剛過生日未料傳ampNOWnews今日1月25日bookmarkbordersharemorevert韓星教練不藏私傳授躺著2招練核心瘦腰平小腹超有感當被問到全身上下最想瘦偏偏又很難瘦的部位時想必很多人的答案會是小腹明明手臂大腿都瘦了為什麼腰amp早安4月28日bookmarkbordersharemorevert韓星不會告訴妳的上鏡秘密這樣做get金泰希秀智的零死角水光肌|Bellatw儂儂隨著韓劇熱播席捲全球韓星出眾的五官輪廓及水嫩肌膚都成為女性夢寐以求的範本很多人都希望能像韓星般美的光彩奪目但卻不知該從何開始改變ampBellatw儂儂2020年10月20日bookmarkbordersharemorevert韓國大邱專出俊男美女宋慧喬孫藝珍7位高顏值韓星時尚風格解析著迷韓流文化的你除了首爾釜山之外位在兩大城市之間的大邱應該略有耳聞除了是韓國時裝產業重鎮之外還以出產俊男美女聞名大家熟悉的孫仙ampETtoday3月6日bookmarkbordersharemorevertIrene爆耍大牌辱罵黑粉迎面撲來20大深陷人品差爭議的韓星韓國造星能力有目共睹男女團演員魅力可以說是席捲全球作為明星公眾人物不只歌舞演技會被放大檢視私生活和他們的人品其實也很容易影響著ampDailyView網路溫度計2020年10月27日bookmarkbordersharemorevert李孝利BTS都遭殃輪番惹毛陸網韓星辱華TOP4爭議事件中韓關係隨著現任南韓總統文在寅上任後檯面上的官方關係緩解許多2016年頒布的禁韓令也不像一開始執行那般嚴格然而日前卻發生多次南韓藝人言行ampETtoday星光雲2月14日bookmarkbordersharemorevert韓星首位爆新冠肺炎請夏首談後遺症好像全是我的錯新冠肺炎肆虐全球逾1年各國不論是在經濟醫療上都損失慘重就連演藝圈也受到影響日前南韓女星請夏確診新冠肺炎所幸在透過治療後已痊癒近期ampETtoday星光雲2月24日bookmarkbordersharemorevert玄彬孫藝珍戀情是真的韓星圈熱議元旦情侶夢幻誕生玄彬以及孫藝珍這對近年經常合作的螢幕情侶過去除了電影2019至2020年大火的電視劇《愛的迫降》更是讓所有粉絲觀眾跪求原地結婚儘管2018年曾經被ampMarieClaire美麗佳人1月1日bookmarkbordersharemorevert韓國爆紅連韓星都超愛的超人氣自助潮拍館不用飛出國也能體驗妝髮通通幫你搞定讓你拍出最自然真實的自己因為疫情的關係下大家都不能出國相信大家都悶壞了吧還記得前一陣子韓國復古拍貼機大爆紅連韓星也瘋狂的超人氣Photomatic自助潮拍照相館採取全自助ampVOGUE時尚網4月29日bookmarkbordersharemorevert喝醉私訊4韓星酒醒滑IG才知她曬出糗證據收到偶像回覆了人們在喝醉的時候常常會做出一些失控的舉動總是在隔天酒醒後才發現自己出糗的行為一名網友就分享了自己在喝醉後下意識傳了Instagram私訊給幾位ampETtoday星光雲4月20日bookmarkbordersharemorevert超正女星朴韓星老公捲性交易醜聞消失一年近況曝中時電子報超正女星朴韓星老公捲性交易醜聞消失一年近況曝南韓35歲女星朴韓星去年因老公捲入勝利夜店BurningSun事件而遭到網友撻伐演藝事業跌入谷底她也因此在螢光幕前消失一年14日韓國媒體報導中amp中時電子報Chinatimescom2020年7月15日bookmarkbordersharemorevert8位韓星手機殼盤點車銀優手機殼反差萌IU孫藝珍愛用極簡風韓素希手機殼最文青明星吃得穿得用得都會引起一波話題今天編輯就為大家帶來幾位韓星愛用手機殼車銀優手機殼反差萌IU孫藝珍都愛用極簡風想幫手機換新衣的女孩們ampBEAUTY美人圈5月21日bookmarkbordersharemorevert韓星瘦10kg的秘訣韓星28天瘦身公式會瘦嗎營養師解析韓妞減肥法韓星瘦10kg的秘訣韓妞風傳的減肥方法真的有效果嗎營養師詳細分析給大家聽睡眠生活作息要正常三餐要按時吃晚上1800過後不進食最起碼要實施一個ampUDN聯合網4月26日bookmarkbordersharemorevert喪屍病毒一切的開始全智賢主演《屍戰朝鮮雅信傳》預告公開確定在7月23日於Netflix上線在《屍戰朝鮮》第二季結尾女神全智賢驚喜露臉10秒為接下來的劇情埋下伏筆她充滿神秘的眼神與表情讓觀眾敲碗接下來的劇情ampYahoo奇摩8天前bookmarkbordersharemorevert韓星朴志善母親遺書曝光不忍女兒自己離開金高銀SJ利特發文哀悼現在打電話很多號碼都無人回應⋯韓國搞笑藝人朴智善或譯朴志宣昨日下午112被發現和母親在首爾麻浦區家中過世消息傳出後許多人都感到難過且震驚因為今天就是她36歲生日ampVOGUE時尚網2020年11月3日bookmarkbordersharemorevert勝利涉嫌仲介性交易證人改口了是由朴韓星老公指使近日南韓京畿龍仁的地面作戰司令部普通軍事法院就韓團BIGBANG前成員勝利涉嫌向外國投資者介紹性交易及海外賭博案件而舉行的第三次聆訊中一名ampETtoday星光雲2020年11月24日bookmarkbordersharemorevert下波泡泡瞄向日韓星越｜蘋果網｜蘋果日報【生活中心政治中心／台北報導】與帛琉持續協商洽談泡泡實施細節中央流行疫情指揮中心昨表示大方向已談定初步規劃民眾回國後僅須採5amp蘋果日報3月11日bookmarkbordersharemorevert【KSD評分】由韓星網讀者評分這間地產公司終於來到TOP3這星期有3套新劇開播是《五月的青春》《Imitation》《我的上流世界》Mine這個星期六日大家可以點開看啦之後再來評評分吧每個星期小編ampKSD韓星網5月8日bookmarkbordersharemorevert桌遊放大鏡項鍊韓星親票選新奇周邊TOP10最強是SHINee人臉帽隨著周邊越出越多就更挑戰經紀公司的創意力雖然有時候設計讓粉絲傻眼但也有偶像自己看了覺得很特別的像是NU'EST的童話書BLACKPINK的桌遊ampETtoday星光雲2月12日bookmarkbordersharemorevert找韓星李鍾碩當中國區品牌大使歐萊雅挨批法國化妝品牌歐萊雅L'Oréal23日官宣找南韓偶像明星李鍾碩作為中國區的品牌大使引發中國網友吐槽怎麼選韓國人當中國區大使割中國人ampUDN聯合網4月25日bookmarkbordersharemorevert限韓令沒減反增黃致列自曝韓星被禁止發微博4年前因韓國同意部屬美國薩德防禦系統大陸當局為反制頒布了限韓令阻止韓國藝人到大陸發展或辦活動韓星參與的戲劇也被冷藏新冠肺炎疫情amp中時網Chinatimescom2020年8月14日bookmarkbordersharemorevert韓星親自票選比女生還美的男偶像Top7金希澈被排除許多南韓男偶像都有著比女生還美的臉蛋其中代表人物就是SuperJunior希澈每次的女裝扮相都美到讓人驚艷綜藝《TMINEWS》邀請了藝人們親自票選比ampETtoday星光雲2月11日bookmarkbordersharemorevert韓國藝人誰最能喝盤點10位酒量驚人的韓星宋慧喬根本是酒國女王|Bellatw儂儂相信大家對於韓國的飲酒文化多少有些耳聞韓國人根據不同的食物還會搭配不同的酒類發展出的酒桌遊戲也是不勝枚舉在這樣的社會風氣裡也促使韓國人的ampBella儂儂4月30日bookmarkbordersharemorevert盤點韓星同款手機殼秀智韓素希愛用文創手繪風500元輕鬆GET女神手機殼偶像們GET同款手機殼是粉絲必做的事之一今天就整理了幾個最近秀智韓素希JennieJisoo愛用的手機殼款式快看看最近韓星們都愛用哪些品牌手機殼ampBEAUTY美人圈5月11日bookmarkbordersharemorevert性騷擾疑雲還沒解決韓星復出發單曲一天就酒駕韓國男團BAP出身的力燦爆出在一26日酒後駕車撞到護欄酒測後發現血液中酒精濃度是吊銷駕照008%以上的標準幸好該起意外並未造成人員amp鏡週刊2020年10月27日bookmarkbordersharemorevert霸凌醜聞連環爆韓星代言全丟光華視韓國演藝圈又出現霸凌事件新生代女團GIDLE成員穗珍遭網友爆料學生時期曾經帶頭霸凌同學網路上謠傳她在校園時期就是不良少女還有另一位人氣amp華視3月8日bookmarkbordersharemorevert韓國票選聖誕最想跟哪個韓星渡過國民初戀秀智也敗給她｜今日韓國今年聖誕節大家計劃和誰一起過韓國一個教育機構近日進行問卷調查訪問了超過一千名正在準備考試的準考生看看他們今年最想和哪些藝人一起過amp香港0112月23日bookmarkbordersharemorevert韓星請夏確診新冠肺炎難過道歉韓星請夏在今年2月赴米蘭工作回韓時一度傳出確診新型冠狀病毒肺炎好在檢驗結果呈陰性,0.65310,3.2,4.321,0.0,0.9311,0.0,0.0,0.0,0.0,4.322,3.11,0.32,0.043,0.0421
但今7日一早她卻被通報確診新冠肺炎自己也非常震驚ampYahoo奇摩2020年12月7日bookmarkbordersharemorevert韓星也追雪2021初雪好興奮RM做了7隻小雪鴨取名DTS這2週因為寒流來襲氣溫驟降讓多處高山都降下雪花引起大批追雪族上山賞雪不亦樂乎韓國首爾也剛好在6日晚上降下2021年的初雪且雪勢甚大amp新頭殼1月8日bookmarkbordersharemorevert韓星確診武漢肺炎李昇基車銀優《家師父一體》受波及申成祿近年在《皇后的品格》等多部戲劇表現亮眼資料照〔即時／綜合報導〕南韓男演員申成祿擁有帥氣的外表加上精湛的演技深受戲迷喜愛amp自由4月28日bookmarkbordersharemorevert2020秋冬韓星同款唇膏秀智愛用玫瑰色Lisa蜜桃珊瑚超仙隨著季節換季妝容也開始變化近期韓國就有一些非常夯的唇膏不只在櫃上超熱賣連韓星也都在用以下就推薦5款2020秋冬韓星愛用唇膏從超仙的肉桂奶茶ampETtoday12月26日bookmarkbordersharemorevert8個韓星的古怪癖好IRENE興趣是燙衫有男星愛儲HelloKitty｜今日韓國每個人都有不同的興趣有些人喜歡玩樂器有些人喜歡做運動亦有些人喜歡做一些超特別的事韓國網站Insight列出8個有奇怪興趣的韓星有人跟他們有共同amp香港011月24日bookmarkbordersharemorevert2021韓星古裝／時裝對比俞利金裕貞韓服古裝簡直美成仙金所泫權娜拉好可惜臉蛋漂亮應該是穿什麼都好看沒有撐不起來的衣服但其實韓服古裝是個很大的挑戰古裝穿得好真的是一秒美成仙但也是有人相對韓服古裝來說更加ampBEAUTY美人圈5月5日bookmarkbordersharemorevert找不到結果韓劇相關自由時報電子報自由時報電子報為達最佳瀏覽效果建議使用Firefox或MicrosoftEdge的瀏覽器請至Edge官網請至FireFox官網請至官網即時熱門政治社會生活蒐奇影音財經汽車時尚3C評論玩咖食譜地產專區TAIPEITIMES求職爆Search自由電子報自由影音即時熱門政治社會生活蒐奇財經汽車時尚3C評論玩咖食譜地產專區服務自由電子報APP自由電子報粉絲團自由電子報Line熱門新訊　　關鍵字　　韓劇韓劇相關202106111519韓疫情照拍戲台劇組籲定指引指揮中心文化部將提出本土武漢肺炎新型冠狀病毒病COVID19疫情仍不容樂觀我國於3周前發布全國防疫3級警戒許多影劇的工作排程紛紛停擺但去年歐美日韓即使疫情嚴峻因有頒布文化工作者的指引演藝影劇仍持續拍202106071829宋智孝新戲化身美豔紅髮魔女劇透照曝光網大讚氣勢超強南韓40歲女星宋智孝以綜藝《RunningMan》紅遍海內外時常頂著大素顏上節目的她近日公開的新劇造型讓網友十分驚豔劇中宋智孝扮演美豔紅髮魔女與平時自然模樣大反轉化上精緻煙燻妝網友大讚202106061729韓劇《黑洞》劇終收視跌破05％遭諷OCN的黑歷史韓劇《黑洞》改編自網路漫畫集結喪屍動作懸疑驚悚題材打造末世求生劇但這些元素並沒有帶給觀眾新鮮感劇集開播收視102%之後屢創新低昨5日完結篇更跌破05%被韓媒以斗大標題諷刺202106041525柳俊烈惠利超甜約會被拍到了秒破撇張基龍介入情變傳言韓國26歲女星惠利與男星張基龍主演韓劇《我的室友是九尾狐》正在熱播中但因為兩人散發的情侶感太過強烈讓不少網友誤會惠利已經和正牌男友柳俊烈分手近日韓網流傳一張目擊柳俊烈和惠利在餐廳的甜蜜約會照片202106011058車銀優完美駕馭最新農夫時尚粉絲激喊我要去種田韓國男團ASTRO超人氣成員車銀優有著臉蛋天才稱號活躍於戲劇及歌壇的他一舉一動都是熱門近日車銀優在個人IG的新照再次引發熱議甚至被轉發到韓網論壇網友激動告白如果被這樣的農民求婚生活202105221300《Mouse窺探》鄭正直出賣丹尼爾劇情太燒腦根本不知道在演什麼202105221241韓劇豪門風暴真實上演南韓美妝大廠千金僅結婚8月就離婚根本是韓劇劇情南韓美妝大廠愛茉莉太平洋的會長徐慶培其長女徐敏貞서민정音譯在豪門聯姻後僅僅8個月就宣布離婚據《韓國先驅報》報導徐敏貞去年10月和投資公司BokwangInvestment202105221105曹政奭《機智醫生》意外曝14年前舊照花樣美貌鄭敬淏直呼不同人南韓男星曹政奭主演韓劇《機智醫生生活》第二季開播在即近日官方頻道公開該劇幕後花絮其中同是主演的男星鄭敬淏意外挖出了曹政奭14年舊照不亞於偶像的花美男外貌引發劇組熱烈討論鄭敬淏更對生活202105221100《Mouse窺探》李昇基神演技也碰壁吻戲太油條遭導演阻止202105171754《上流戰爭》原有男男戀媽寶李泰彬坦承暗戀的是他韓劇《Penthouse上流戰爭》第三季正如火如荼準備開播近日飾演媽寶獨子李旼赫的25歲男星李泰彬在節目中透露劇本最初的角色他要暗戀朱家雙胞胎哥哥朱錫勛並且因為嫉妒不停欺負情敵裴璐娜202105171559李多熙被爆將接替徐睿知經紀公司火速出面回應韓星徐睿知日前醜聞纏身並辭演新劇《Island》她的角色將由誰接替成為網友們的關注之前就有韓媒爆料該角色將由最強小三韓素希韓韶禧接替沒想到近日則又爆出將由李多熙飾演所屬的經紀公202105161331BLACKPINKJisoo丁海寅新戲被譙扭曲歷史青瓦台回應了韓劇《朝鮮驅魔師》4月因涉嫌改編歷史慘遭停播其中BLACKPINKJisoo和男星丁海寅主演電視劇《雪滴花》也被捲入質疑聲浪遭多達22萬的網友要求停拍時隔2個月南韓總統府青瓦台針對此問題作出202105111254金正恩禁看謎片北韓清純國民女星私拍成人片慘遭處死北韓在去年12月通過了《反動思想文化排斥法》其中若散布南韓影像最重將被處以死刑還包含了製造引入及散播性愛影像也可能惹來殺身之禍近日就傳出北韓國民女星的汴美香音譯因私下接拍成人片而慘遭處202105092000《模範計程車》李帝勳撞臉潘瑋柏網友笑翻根本親兄弟韓國男星李帝勳主演驚悚復仇劇《模範計程車》目前熱播中收視率節節高升第十集更高達17%隨著劇情越來越精采眼尖觀眾不時覺得李帝勳越看越像藝人潘瑋柏甚至搞笑戲稱會不會他們其實是親生兄弟呢202105091300最強小三新劇回春與Netflix兒子大搞曖昧羅曼史出演夯劇《夫婦的世界》小三一角爆紅的26歲南韓女星韓韶禧前譯韓素希新劇《無法抗拒的他》開播在即近日她劇透曬出青春校服造型與原著漫畫女主角超高相似度引起韓網熱烈討論驚嘆表示確定不是從《〈123〉》2021年6月12日星期六辛丑年五月初三日熱門紓困40孩童家庭防疫補貼615發放中央補助措施對象一次看211萬劑疫苗來了全民免費接種順序時程預定方式一次看台中裸女不戴口罩逛大街路人驚呼有那麼熱嗎柯P流彈波及唐鳳唐鳳辦公室回應別扭曲彰化朱家3胞胎會考成績曝光學霸妹妹占鰲頭熱門新訊遠傳網路門市挺防疫線上申辦免出門防疫奧援到遠傳friDay影音千萬票房強檔韓流影劇日動畫影史30強上菜防疫停課不停學富蘭克林線上財商安親班登板馳援TURNDOWNTHEHEATEpson攜手《國家地理》關注全球熱化熱門關鍵字即時熱門政治社會生活蒐奇影音財經汽車時尚3C評論玩咖食譜地產專區TAIPEITIMES．廣告．熱門新訊．發票．樂透．徵才．RSS．我們．聯絡我們．著作權聲明．　．訂報．投稿．聯邦文教基金會．林榮三文學獎．聯邦銀行．瓏山林台北中和飯店．瓏山林蘇澳冷熱泉度假飯店．自由廣場會議中心．yes123求職網自由時報版權所有不得轉載©2021TheLibertyTimesAllRightsReserved此已閒置超過5分鐘請點擊透明黑底或右下角Ｘ鈕熱門推播全台確診》苗栗趨緩高雄破功石崇良稱萬華是破口陳時中致歉124萬劑日本AZ疫苗同時開放5族群接種首批莫德納疫苗擴大開放接種指揮中心第一類對象都可打新增250例本土病例26人染疫病逝75歲以上長者如何接種疫苗各縣市措施一次看不斷更新LIVE日本捐贈124萬劑AZ疫苗將開打陳時中親91萬劑AZ疫苗上午抵高雄下午2點開打人潮又炸鍋北市濱江市場人多到像跨年民眾還偷鑽盧警察外出注意午後雷陣雨來了13縣市發布大雨特報韓劇|標籤|聯合網願景工程橘世代有設計售票網有行旅我的聯合報即時要聞運動全球社會產經股市房市生活文教評論兩岸數位Oops閱讀雜誌500輯橘世代轉角NBA時尚汽車棒球遊戲鳴人堂專題U值網誌購物全產品速覽評論聯合網願景工程聯合報數位版轉角鳴人堂倡議家時事話題世界日報服務會員中心U利點數我的歷史活動專區udn粉絲團udnline好友股市理財經濟日報網房地產基金中經社樂透發票生活噓星聞優人物udnSTYLE500輯遊戲角落發燒車訊元氣網橘世代運動NBA野球夢田運動筆記健行筆記閱讀創作讀書吧讀創故事udn部落格u值媒體聯合文學聯經出版聯文雜誌文創購物數位文創IP授權瘋活動售票網買東西報時光產品聯合知識庫聯合電子報聯合影音網聯合學苑有行旅APP行動網P訂閱刊登廣告FAQ·客服授權服務·著作權·隱私權聲明聯合報系訂報紙我們網站總覽聯合線上公司著作權所有©2020我的頻道拖拉選單自訂排序儲存恢復預設確定加入橘世代VIP富活人生下半場即時要聞快訊		85歲連戰罹惡性腫瘤住院醫生建議施打新冠疫苗1505疫情釀26死最高齡102歲昨首例施打AZ死亡疑心肌梗塞1439韓劇《我的室友是九尾狐》惠利穿搭行頭太驚人把韓國大學生LoeweBurberry包包背出場由惠利張基龍主演的韓劇《我的室友是九尾狐》描述由大學生李潭偶然吞下900多歲九尾狐申又如的狐珠為了將狐珠物歸原主兩人開始同居生活朝夕相處之下彼此產生好感劇情看似平凡其實一點也不然實力派udnSTYLE20210612090000渣男小三繼續大搞不倫成勛公開轉性劈腿真正原因成勛主演的狗血婆媽劇婚詞離曲因收視率亮眼準備推出第2季今天主演們出席記者發佈會劇中三對夫婦以及小三們齊聚一堂準備好再度讓觀眾看到血壓飆高婚詞離曲描述三對各自30多歲40多歲以及5udnSTYLE20210611210102黃河全套防護衣拍戲喘氣難新戲入圍紐約電視電影獎近期韓劇我是遺物整理師在臺播出引起一陣熱議而去年臺灣早就推出同樣探討生死議題作品的人生清理員該劇入圍紐約電視電影獎劇中男主角黃河得知入圍消息時在床上驚醒替導演跟製作團隊感到開心回憶噓星聞20210611163405李寶英《我的上流世界》誤闖叢林小白兔穿得天真浪漫本周將進入第11集的《我的上流世界》開播以來收視率一路攀升飾演財閥媳婦的李寶英從一開始的天真溫暖到先生的醜惡真面目被揭開的過程也漸漸展現冷酷的一面她在劇中的時裝也從繁花盛開的浪漫漸漸生活20210609191316根本是誤闖叢林小白兔《我的上流世界》李寶英靠花洋裝　穿出天真浪漫逆齡感本周將進入第11集的《我的上流世界》開播以來收視率一路攀升飾演財閥媳婦的李寶英從一開始的天真溫暖到先生的醜惡真面目被揭開的過程也漸漸展現冷酷的一面她在劇中的時裝也從繁花盛開的浪漫漸漸udnSTYLE20210609191003梨泰院Class等原著韓漫上架KAKAOWEBTOON正式登台KakaoEntertainment旗下網路漫畫平台KAKAOWEBTOON今天開放首波將上架超過50部韓國熱門網漫包括如蝶翩翩勝利號驅魔麵館梨泰院Class等知生活20210609174311隱藏版男神收割機《來魔女食堂吧》南志鉉14歲就跟金秀賢談戀愛曾當宋仲基妹妹由宋智孝南志鉉蔡鍾協主演的奇幻韓劇《來魔女食堂吧》即將在七月開播短短八集的長度非常適合不喜歡看長劇的人改編自作家具尚熙的同名奇幻小說的也很有看點故事講述故事講述個性高冷的魔女趙熙羅宋udnSTYLE20210609160903疫情下的哀傷金曲歌后彭佳慧爆燒聲危機金曲歌后彭佳慧新專輯裡的一首可惜了近來成為東森戲劇台韓劇Penthouse上流社會片尾曲隨著疫情期間全台瘋追劇收視率不斷上升也帶動歌曲點聽率往上衝網友討論熱烈非常貼合劇噓星聞20210609134301《我的室友是九尾狐》惠利曾入圍最佳身材榜真實身材超火辣維持身材靠這兩個運動女團Girl'sDay出身的女演員惠利在2012年開始嘗試演戲過去曾出演《善巖女高偵探團》《海德哲基爾與我》《請回答1988》等韓劇後來憑著《請回答1988》中成德善一角奠定女udnSTYLE20210609130517上流戰爭3瘋出新高金素妍腫成豬頭照樣狂接代言狗血韓劇Penthouse上流戰爭第3季開播後再掀追劇熱潮惡女金素妍先前拿下百想藝術大賞視后再度展現浮誇演技第一集就被獄友連揍超過20下腫成豬頭佯裝精神分裂換得出獄首集收視突破前兩噓星聞20210606184902蕭子墨大鑄劍師苦扛25公斤真劍耍劍眾人閃蕭子墨在主演的大鑄劍師裡飾演身手俐落的青年蒙陽因為自小目睹會鑄劍的父親遭奸黨殺害因此隨身帶著父親遺留下來的劍意外地捲入皇室鬥爭最終領悟到正義與鑄劍精髓也讓他不僅要精彩耍弄巨劍噓星聞20210605174621奇幻韓劇《來魔女食堂吧》劇照公開了宋智孝魔女扮相太魅惑　卡司開播日期一次看今年39歲的美魔女宋智孝過去憑著《女高怪談》《霜花店》《宮》等作品大紅在2010年加入綜藝節目《RunningMan》因不良智孝懵智等形象再次收穫不少人氣即使在《RunningudnSTYLE20210605135847芮塔／我是遺物整理師超催淚疫情下的另類生死反思眼睛看不到不代表不存在只要你記得就永遠不會消失過世的人也會說話疫情升溫被喻為心靈清淨機的韓劇我是遺物整理師大家追了嗎Netflix一次上線10集剛好可以趁著噓星聞20210605100000上流戰爭3再出狠招金素妍預告她魔化變怪物狗血韓劇Penthouse上流戰爭第三季4日舉辦開播記者會飾演惡女千書真的金素妍剛拿下百想藝術大賞視后即將又要大展身手她透露看到第三季劇本時忍不住皮皮挫因為覺得千書真快變成怪物噓星聞20210604205003在家防疫不無聊驚悚泰劇《轉學來的女生》優質台劇《火神的眼淚》5部五月新上架Netflix片單讓你一次追個夠套一句網友的話現在躺在床上追劇耍廢就能救這麼划算不做嗎在疫情升溫之際配合政策乖乖在家防疫是必須的這時候一定很多人打開各種串流平台追劇吧今天我們就來分享5月在Netflix新上udnSTYLE20210604170000Netflix《我是遺物整理師》李帝勳人氣靠5位配角襯托池珍熙超催淚《屍速列車2》她也有演出Netflix年度原創韓劇《MovetoHeaven我是遺物整理師》由李帝勳陳俊翔領銜主演描述亞斯伯格症的少年與有前科的叔叔共同擔任天堂移居MovetoHeaven遺物整理師udnSTYLE20210604110000IU3億清潭豪宅內裝曝光網驚奢華如同德魯納酒店IU李知恩擁有甜美外表空靈歌聲性格充滿親和力受到不少粉絲喜愛被封為韓國國民女神近期韓媒爆出IU砸130億韓圜約新台幣32億元購買首爾高級豪宅花錢不手軟讓外界無比驚嘆報導噓星聞20210603183903機醫申賢彬有望合作宋仲基　冬天醫生變檢察官演員申賢彬有望與宋仲基展開演技合作2日申賢彬所屬社YoobornCompany相關人士對韓媒表示申賢彬接到了出演JTBC新電視劇《財閥家的小兒子》的提議目前正在討論中韓劇《財閥家的小噓星聞20210603143605微笑女神變冷艷女特務韓孝周完美駕馭西裝+五分褲失控造型　霸氣開腿秀鉛筆腿近日將與朴炯植搭檔時隔五年回歸韓國小螢幕的微笑女神韓孝周將在新作《Happiness》飾演一位擁有過人膽量且超強判斷力的女特警尹新春而朴炯植則飾演聰明卻個性憨直的刑警鄭伊賢《HappinudnSTYLE20210603115751女星施打第一劑疫苗成功7月起我要脫口罩了新冠肺炎肆虐全球令各國都積極呼籲民眾接種疫苗南韓政府為了提高接種率表明從7月開始只要接種完第一階段的疫苗在室外就可以不用戴口罩演藝圈掀起ㄧ陣打疫苗的熱潮時尚教主金娜英也分享打疫苗的噓星聞20210602182801熱門昨連上三小時發文要升天感覺宜大副教授猝死家中一到六類公費對象明天就能打今晚已配50萬劑至各縣市皆是首例疑似接種AZ死亡接種莫德納送ICU觀察高端疫苗太貴柯文哲酸比人家貴還不知道有效沒效許嘉棟認打疫苗直言政府嚴重失職應先反躬自省猜你喜歡訂閱刊登廣告FAQ·客服授權服務·著作權·隱私權聲明聯合報系訂報紙我們網站總覽聯合線上公司著作權所有©2020,0.236607369293299,0.073692932989,,0.166073692932989,,0.003650932989,,0.0036607369293298900,,,,0.0036607369293298900,,0.0036607369293298900