Ad Group,Keyword,Campaign,Criterion Type
面膜,面膜 買,SEM_Mask,Exact
面膜,買 面膜,SEM_Mask,Exact
面膜,面膜 價格,SEM_Mask,Exact
面膜,價格 面膜,SEM_Mask,Exact
面膜,面膜 折扣,SEM_Mask,Exact
面膜,折扣 面膜,SEM_Mask,Exact
面膜,面膜 促銷,SEM_Mask,Exact
面膜,促銷 面膜,SEM_Mask,Exact
面膜,面膜 銷售,SEM_Mask,Exact
面膜,銷售 面膜,SEM_Mask,Exact
面膜,面膜 採購,SEM_Mask,Exact
面膜,採購 面膜,SEM_Mask,Exact
保溼面膜,保溼面膜 買,SEM_Mask,Exact
保溼面膜,買 保溼面膜,SEM_Mask,Exact
保溼面膜,保溼面膜 價格,SEM_Mask,Exact
保溼面膜,價格 保溼面膜,SEM_Mask,Exact
保溼面膜,保溼面膜 折扣,SEM_Mask,Exact
保溼面膜,折扣 保溼面膜,SEM_Mask,Exact
保溼面膜,保溼面膜 促銷,SEM_Mask,Exact
保溼面膜,促銷 保溼面膜,SEM_Mask,Exact
保溼面膜,保溼面膜 銷售,SEM_Mask,Exact
保溼面膜,銷售 保溼面膜,SEM_Mask,Exact
保溼面膜,保溼面膜 採購,SEM_Mask,Exact
保溼面膜,採購 保溼面膜,SEM_Mask,Exact
肌膚,肌膚 買,SEM_Mask,Exact
肌膚,買 肌膚,SEM_Mask,Exact
肌膚,肌膚 價格,SEM_Mask,Exact
肌膚,價格 肌膚,SEM_Mask,Exact
肌膚,肌膚 折扣,SEM_Mask,Exact
肌膚,折扣 肌膚,SEM_Mask,Exact
肌膚,肌膚 促銷,SEM_Mask,Exact
肌膚,促銷 肌膚,SEM_Mask,Exact
肌膚,肌膚 銷售,SEM_Mask,Exact
肌膚,銷售 肌膚,SEM_Mask,Exact
肌膚,肌膚 採購,SEM_Mask,Exact
肌膚,採購 肌膚,SEM_Mask,Exact
美妝,美妝 買,SEM_Mask,Exact
美妝,買 美妝,SEM_Mask,Exact
美妝,美妝 價格,SEM_Mask,Exact
美妝,價格 美妝,SEM_Mask,Exact
美妝,美妝 折扣,SEM_Mask,Exact
美妝,折扣 美妝,SEM_Mask,Exact
美妝,美妝 促銷,SEM_Mask,Exact
美妝,促銷 美妝,SEM_Mask,Exact
美妝,美妝 銷售,SEM_Mask,Exact
美妝,銷售 美妝,SEM_Mask,Exact
美妝,美妝 採購,SEM_Mask,Exact
美妝,採購 美妝,SEM_Mask,Exact
面膜,面膜 買,SEM_Mask,Phrase
面膜,買 面膜,SEM_Mask,Phrase
面膜,面膜 價格,SEM_Mask,Phrase
面膜,價格 面膜,SEM_Mask,Phrase
面膜,面膜 折扣,SEM_Mask,Phrase
面膜,折扣 面膜,SEM_Mask,Phrase
面膜,面膜 促銷,SEM_Mask,Phrase
面膜,促銷 面膜,SEM_Mask,Phrase
面膜,面膜 銷售,SEM_Mask,Phrase
面膜,銷售 面膜,SEM_Mask,Phrase
面膜,面膜 採購,SEM_Mask,Phrase
面膜,採購 面膜,SEM_Mask,Phrase
保溼面膜,保溼面膜 買,SEM_Mask,Phrase
保溼面膜,買 保溼面膜,SEM_Mask,Phrase
保溼面膜,保溼面膜 價格,SEM_Mask,Phrase
保溼面膜,價格 保溼面膜,SEM_Mask,Phrase
保溼面膜,保溼面膜 折扣,SEM_Mask,Phrase
保溼面膜,折扣 保溼面膜,SEM_Mask,Phrase
保溼面膜,保溼面膜 促銷,SEM_Mask,Phrase
保溼面膜,促銷 保溼面膜,SEM_Mask,Phrase
保溼面膜,保溼面膜 銷售,SEM_Mask,Phrase
保溼面膜,銷售 保溼面膜,SEM_Mask,Phrase
保溼面膜,保溼面膜 採購,SEM_Mask,Phrase
保溼面膜,採購 保溼面膜,SEM_Mask,Phrase
肌膚,肌膚 買,SEM_Mask,Phrase
肌膚,買 肌膚,SEM_Mask,Phrase
肌膚,肌膚 價格,SEM_Mask,Phrase
肌膚,價格 肌膚,SEM_Mask,Phrase
肌膚,肌膚 折扣,SEM_Mask,Phrase
肌膚,折扣 肌膚,SEM_Mask,Phrase
肌膚,肌膚 促銷,SEM_Mask,Phrase
肌膚,促銷 肌膚,SEM_Mask,Phrase
肌膚,肌膚 銷售,SEM_Mask,Phrase
肌膚,銷售 肌膚,SEM_Mask,Phrase
肌膚,肌膚 採購,SEM_Mask,Phrase
肌膚,採購 肌膚,SEM_Mask,Phrase
美妝,美妝 買,SEM_Mask,Phrase
美妝,買 美妝,SEM_Mask,Phrase
美妝,美妝 價格,SEM_Mask,Phrase
美妝,價格 美妝,SEM_Mask,Phrase
美妝,美妝 折扣,SEM_Mask,Phrase
美妝,折扣 美妝,SEM_Mask,Phrase
美妝,美妝 促銷,SEM_Mask,Phrase
美妝,促銷 美妝,SEM_Mask,Phrase
美妝,美妝 銷售,SEM_Mask,Phrase
美妝,銷售 美妝,SEM_Mask,Phrase
美妝,美妝 採購,SEM_Mask,Phrase
美妝,採購 美妝,SEM_Mask,Phrase
