,報導內容,Relativity,我的室友是九尾狐,模範計程車,大發不動產,遺物整理師,Penthouse,如蝶翩翩,機智醫生生活,怪物,屍戰朝鮮,MOUSE,黑道律師文森佐,Voice,愛的迫降
0,foryoustarborderCOVID19··徐玄振金東旭Netflix韓劇《你是我的春天》5大看點驚悚懸疑愛情療癒首播即迎來大反轉amp哈潑時尚昨天bookmarkbordersharemorevertNetflix人氣韓劇《SweetHome》第二季傳2022上線宋江等原班演員將回歸預計今年底正式開拍amp哈潑時尚昨天bookmarkbordersharemorevert韓劇女主角半路下車《還魂》劇組直白演技不好盤點那些被換角的韓劇女演員ampELLE昨天bookmarkbordersharemorevert韓劇都愛用韓國人必買4大MIT好物ampYahoo奇摩10小時前bookmarkbordersharemorevert【2021下半年必追20部韓劇】孔劉宋慧喬金秀賢韓孝周金多美重量級大咖齊回歸ampYahoo奇摩3天前bookmarkbordersharemorevert2021上半年高分韓劇TOP10排行《我是遺物整理師》看盡人生百態宋仲基李帝勳以惡制惡超過癮ampELLE6月24日bookmarkbordersharemorevert秀智將主演韓劇《第二個安娜》挑戰雷普利症候群化身人格障礙愛說謊的壞女孩ampBEAUTY美人圈昨天bookmarkbordersharemorevert2021七月韓劇追劇時刻表宋智孝《來魔女食堂吧》全智賢《屍戰朝鮮雅信傳》強檔必追amp哈潑時尚6月29日bookmarkbordersharemorevert盤點9位2021韓劇大勢男演員宋江金永大裴仁赫黃寅燁⋯新生代男神走花路啦ampELLE7天前bookmarkbordersharemorevert宋智孝新劇濃妝認不出韓劇女神濃妝／淡妝對比宋慧喬李智雅差異大這位還是美翻ampBEAUTY美人圈3天前bookmarkbordersharemorevert日網票選20+人氣韓劇女神榜秀智IU都上榜童星出身的她們從小美到大成最大贏家ampudnSTYLE6天前bookmarkbordersharemorevert錯過可惜2021上半年必看10部韓劇推薦不只《文森佐》《機醫2》這些夯劇也必追ampYahoo奇摩6月23日bookmarkbordersharemorevert2021必追韓劇《機智醫生生活2》《無法抗拒的他》精選6部本月超夯韓劇清單ampTaiwanTatler6月18日bookmarkbordersharemorevertNetflix韓劇《你是我的春天》收視飆高《與神同行》金東旭攜手徐玄振共譜療癒浪漫故事2021最溫暖演出|Bellatw儂儂ampBellatw儂儂2天前bookmarkbordersharemorevert7部Netflix暖心韓劇推薦《如蝶翩翩》《機智醫生生活》疫情期間看劇療癒心靈ampTaiwanTatler8天前bookmarkbordersharemorevert【追劇抓重點】韓劇《惡魔法官》5大看點烏托邦世界全民審判池晟再次化身耀漢實現正義ampELLE5天前bookmarkbordersharemorevert看韓劇挑墨鏡《我是遺物整理師》李帝勳與《大發不動產》張娜拉的選擇是它amp鏡週刊昨天bookmarkbordersharemorevert不只《機醫》6部經典醫療韓劇推薦《金師傅》《Doctors》必追這部堪稱神劇ampBEAUTY美人圈6天前bookmarkbordersharemorevert【優質韓劇推薦】近10年評價最高的5部必看韓劇收視率創下開播紀錄超可怕amp多多看電影7天前bookmarkbordersharemorevert迫降CP沒上榜韓劇螢幕情侶第1名是這對ampYahoo奇摩昨天bookmarkbordersharemorevert韓劇《機智醫生生活》×SPAO跨界聯名8款服飾周邊手術服睡衣千元內就可入手|美人計amp妞niusnews9天前bookmarkbordersharemorevert6部高評價古裝韓劇推薦《哲仁王后》爆笑必追《雲畫的月光》是古裝愛情經典ampBEAUTY美人圈6天前bookmarkbordersharemorevert2021上半年人氣韓劇Top7《某一天滅亡》被罵慘仍進榜《文森佐》因這點竟跌出前三ampBEAUTY美人圈3天前bookmarkbordersharemorevert官方認證高人氣韓劇TOP5JTBC十周年票選歷年劇集《夫婦的世界》《梨泰院Class》都上榜ampudnSTYLE6月27日bookmarkbordersharemorevert2021下半年大女主韓劇爆發孫藝珍金喜愛全汝彬都回歸她飾演復仇女太痛快ampBEAUTY美人圈昨天bookmarkbordersharemorevert2021必追女力韓劇孫藝珍田美都確定主演《三十九》男主角敲定他被韓網大讚完美選角ampELLE6月30日bookmarkbordersharemorevert2021上半年韓劇收視盤點三大台收視結算《上流戰爭》《模範計程車》簡直電視台奇蹟ampBEAUTY美人圈9天前bookmarkbordersharemorevert韓網票選人生必看經典韓劇《我叫金三順》玄彬爆紅《浪漫滿屋》《鬼怪》都是韓劇迷必追ampYahoo奇摩6月23日bookmarkbordersharemorevert7月追劇清單韓劇女王全智賢宋智孝徐玄振都攜新作回歸每一部都必追ampudnSTYLE9天前bookmarkbordersharemorevert韓劇業界投票最青睞的男演員擊敗玄彬孔劉的第一名是他amp雅虎香港2天前bookmarkbordersharemorevert【追劇情報局】2021七月韓劇推薦全智賢《屍戰朝鮮雅信傳》723上線還有池晟徐玄振新戲開播ampYahoo奇摩3天前bookmarkbordersharemorevert韓劇男主鮮肉擔綱表現被吐槽中國時報韓劇男主鮮肉擔綱表現被吐槽amp中時網Chinatimescom7天前bookmarkbordersharemorevert跌破眼鏡宋慧喬排第三韓劇團隊女星她奪冠amp自由6天前bookmarkbordersharemorevert調解成功不離婚了《雙甲路邊攤》韓劇女王黃正音與老公重修舊好ampKSD韓星網昨天bookmarkbordersharemorevert好劇看不膩網友選出最值得二刷的15部韓劇《Healer》《請回答系列》上榜|Bellatw儂儂ampBella儂儂6月14日bookmarkbordersharemorevert韓劇《學校2021》選角爭議後終於官宣金永大金曜漢搭檔《機智醫生生活》的她主演ampELLE6月21日bookmarkbordersharemorevertIMDb評選2021上半年最佳韓劇TOP10《文森佐》紅爆全網只排第五冠軍好意外ampBEAUTY美人圈6月28日bookmarkbordersharemorevert韓劇《財閥家的小兒子》超狂選角宋仲基申鉉彬少女時代Tiffany討論出演劇情亮點公開ampELLE6月29日bookmarkbordersharemorevertNetflix上半年排名︱韓劇佔據亞洲榜韓國香港冠軍都是這一部amp香港013天前bookmarkbordersharemorevert起底韓劇《機智醫生生活2》5位女演員田美都被影帝當作偶像申賢彬和韓孝周金高銀是閨蜜ampELLE6月27日bookmarkbordersharemorevert日網票選30+人氣韓劇女演員榜孫藝真只得第三全智賢宋慧喬被擠出上位圈冠軍女神是她ampudnSTYLE6月20日bookmarkbordersharemorevert于美人跑去演韓劇網驚根本同一人ampYahoo奇摩6月30日bookmarkbordersharemorevert蘇志燮《DrLawyer》新作回歸盤點男神的6部經典《主君的太陽》《對不起我愛你》虐戀必追ampELLE4天前bookmarkbordersharemorevert相互療癒韓劇《你是我的春天》愛情劇女王徐玄振攜手金東旭主演ampPOPWeibo4天前bookmarkbordersharemorevert2021韓劇破格造型盤點南宮珉新劇造型面目全非朴殷碩李帝勳太爆笑這位認不出ampBEAUTY美人圈2天前bookmarkbordersharemorevert《機智醫生2》破紀錄奪冠tvN韓劇首播收視Top10玄彬宋仲基劇都沒前3這神劇也輸了ampBEAUTY美人圈6月27日bookmarkbordersharemorevert泰翻拍韓劇《需要浪漫3》男主角找《一年生》New談愛大5歲女星ampETtoday星光雲8天前bookmarkbordersharemorevertNETFLIX曾獲百想肯定的韓劇推薦《機智牢房》《耀眼》都是經典神劇再也不劇荒ampBEAUTY美人圈3天前bookmarkbordersharemorevert【追劇抓重點】韓劇《遠看是蔚藍的春天》7大看點校草朴志訓開撩學姐姜旻兒《九尾狐》學長裴仁赫超吸睛ampELLE6月22日bookmarkbordersharemorevert《機醫2》政源冬天CP太甜歷代級韓劇大勢CP盤點玄彬孫藝珍好難忘這部吻戲超蘇ampBEAUTY美人圈4天前bookmarkbordersharemorevert網票選四對最喜歡的韓劇螢幕情侶最甜CP玄彬孫藝珍竟沒上榜|ETFashion|ETtoday雲ampETtoday6天前bookmarkbordersharemoreverttvN韓劇影片播放次數Top10朴寶英他的床吻只有第6亞軍超意外《金秘書》屠榜太狂ampBEAUTY美人圈6月24日bookmarkbordersharemorevert愛奇藝搭漫改潮黃金團隊打造原創韓劇《我的室友是九尾狐》amp鏡週刊4天前bookmarkbordersharemorevertNetflix韓劇《我的上流世界》李賢旭爆紅出道10年演活反派國民渣男越罵越紅ampudnSTYLE6月26日bookmarkbordersharemorevert為何韓劇這麼猛他揭4致命關鍵根本看不到車尾燈ampNOWnews今日6月27日bookmarkbordersharemorevertAPP播盜版韓劇W兩個世界歐酷網董事長有罪定讞ampUDN聯合網4天前bookmarkbordersharemorevert粉絲朝聖︱東京搞韓劇展覽宋仲基文森佐護照曝光175020210710SHOWBIZamp明報OL網3小時前bookmarkbordersharemorevert《結過一次了》吸引女性族群收視奪全台韓劇冠軍amp鏡週刊6月29日bookmarkbordersharemorevert溫昇豪好友是韓劇大咖男神私下合照揭6年交情ampudn噓星聞6月26日bookmarkbordersharemorevert【全文】《九尾狐》神還原人氣WEBTOON黃金團隊召喚串流熱潮amp鏡週刊15小時前bookmarkbordersharemorevert日本的韓劇女星Top10《滅亡》朴寶英沒前十潤娥打敗孫藝珍奪第2冠軍日本實紅ampBEAUTY美人圈8天前bookmarkbordersharemorevert2021韓劇人氣女演員全智賢宋慧喬還擠不進前5強amp自由電子報iStyle時尚美妝頻道6月17日bookmarkbordersharemorevert韓劇《機智醫生生活2》《無法抗拒的他》6月話題新登場amp工商時報6月20日bookmarkbordersharemorevert韓劇男神新人時期舊照張基龍變胖更帥曹政奭26歲帥翻宋江神似《延禧攻略》許凱ampBEAUTY美人圈2天前bookmarkbordersharemorevertNetflix韓劇《無法抗拒的他》宋江韓素希首度合作高顏值19禁渣男未上映話題已炒熱|Bellatw儂儂ampBellatw儂儂6月21日bookmarkbordersharemorevert一起讀判決｜韓劇《LawSchool》追劇補充包2法學教育韓國VS日本｜蘋果網｜蘋果日報amp蘋果日報6月21日bookmarkbordersharemorevert張基龍主演9部作品推薦《九尾狐》必追超反轉《酸酸甜甜愛上你》與宋慧喬《現在分手中》談姊弟戀ampELLE6月17日bookmarkbordersharemorevert劇終仍超閃的韓劇CPIU呂珍九被笑像新婚夫妻朴炯植不醋了祝福朴寶英朴敘俊組CPampBEAUTY美人圈6月26日bookmarkbordersharemorevert【追劇抓重點】Netflix《無法抗拒的他》5大看點渣男宋江狂丟直球與韓韶禧上演19禁刺激羅曼史ampELLE6月24日bookmarkbordersharemorevert盤點8位韓劇渣男代表《我的上流世界》韓知龍氣死人《夫妻的世界》李泰伍渣成經典ampBEAUTY美人圈20小時前bookmarkbordersharemorevert李枖原×秋瓷炫×金圭麗×張慧珍×周敏京確定主演韓劇GreenMothersClubampyamNews蕃8天前bookmarkbordersharemorevert韓劇更好嗑的男男CP《遠看是蔚藍的春天》網推男一男二在一起宋仲基李棟旭都上榜ampBEAUTY美人圈7天前bookmarkbordersharemorevert韓劇女王閨密聚會成員一字排開都是九頭身女神ampYahoo奇摩6月23日bookmarkbordersharemorevertNetflix2021上半年全球收視Top10宋仲基《黑道律師文森佐》打敗這幾部超高分懸疑影集ampELLE3天前bookmarkbordersharemorevert多部熱門韓劇原著網路漫畫在台上線KakaoWebtoonampINSIDE硬塞的網路趨勢觀察9天前bookmarkbordersharemorevert韓網票選2021年韓劇界最閃耀的大勢演員宋江黃寅燁小全智賢高允貞都上榜ampudnSTYLE6月14日bookmarkbordersharemorevert5部高評律政題材韓劇推薦《LawSchool》低熱度卻高評《奇怪的搭檔》經典必追ampBEAUTY美人圈6月28日bookmarkbordersharemorevert多次搭檔的韓劇CP惠利張基龍7年前組過CP李棟旭劉寅娜網看不膩這對是傳說級夫妻ampBEAUTY美人圈6月20日bookmarkbordersharemorevert神鬼韓劇片單10部推薦超華麗《德魯納酒店》《鬼怪》《主君的太陽》是經典ampYahoo奇摩6月18日bookmarkbordersharemorevert宋江搭朴敏英成真姐弟戀韓劇《氣象局的人們社內戀愛殘酷史》開拍尹博Yura加盟ampYahoo奇摩6月21日bookmarkbordersharemorevert9位韓劇男星變臉成女孩李棟旭像混血美女宋仲基竟撞臉《滅亡》朴寶英最後1位絕了ampBEAUTY美人圈6月30日bookmarkbordersharemorevert這部韓劇太好哭《我是遺物整理師》5大暖心金句只要記在心裡他們就不會消失ampYahoo奇摩6月29日bookmarkbordersharemorevertNetflix韓劇《機智醫生生活第2季》療癒回歸五人幫不想再拍第三季導演邀BTS客串被罵無能ampELLE6月10日bookmarkbordersharemorevertTWICE迷你十輯連三週告示牌在榜為韓劇唱OSTamp大紀元22小時前bookmarkbordersharemorevert韓劇製作公司票選男星玄彬唔係No1amponcc東網13小時前bookmarkbordersharemorevert韓劇男星拍照習慣池珍熙大叔自拍有秘密朴敘俊靠頭吸取智商車銀優對鼻孔迷之執著ampBEAUTY美人圈6月25日bookmarkbordersharemorevert向左走向右走這類的韓劇看太多了羅友志仁武群聚有這4大疑點amp新頭殼6月24日bookmarkbordersharemorevert《九尾狐》張基龍超飢渴吻戲羞爆上半年韓劇經典吻戲《文森佐》吻得比劇本還激烈ampBEAUTY美人圈5天前bookmarkbordersharemorevert韓劇Insider現場工作人員被確診新冠拍攝全面中斷ampHiNet社群2天前bookmarkbordersharemorevertNetflix推薦2021Netflix推薦片單熱門韓劇電影一次看amp蘋果仁6月19日bookmarkbordersharemorevert咖啡因／怪物一起下地獄的正義ampudn噓星聞11小時前bookmarkbordersharemorevert韓劇《惡魔法官》116分集劇情大結局｜全民審判制度的烏托邦世界池晟金玟廷驚悚暗黑韓劇amp多多看電影4天前bookmarkbordersharemorevert韓劇《我的上流世界》職場穿搭學9項時尚精品26金句盤點amp經理人八分生活7天前bookmarkbordersharemorevert2021OCN驚悚推理韓劇推薦《Voice4》確定6月回歸《黑洞》首集就開挖眼球ampYahoo奇摩6月16日bookmarkbordersharemorevert15位韓劇男神迪士尼Q版卡通頭貼朴寶劍張基龍高帥徐仁國李準基超不像他的最崩ampBEAUTY美人圈6月20日bookmarkbordersharemorevert2021新一代韓劇大勢男神張基龍成姐姐殺手安孝燮裴仁赫都值得關注ampBEAUTY美人圈6月28日bookmarkbordersharemorevert懵智孝本色藏不住宋智孝美艷魔女形象一秒破功ampudn噓星聞23小時前bookmarkbordersharemorevert金賽綸×南多凜主演KakaoTV韓劇優秀巫師賈鬥心確定本月30日首播ampHiNet社群昨天bookmarkbordersharemorevert韓劇貴婦行頭解析《我的上流世界》李寶英好多FENDIampYahoo奇摩6月17日bookmarkbordersharemorevert那些韓劇教我的事／媽媽在這輩子當中妳覺得什麼時候最幸福|聯合網最懂你的網站ampUDN聯合網6月18日bookmarkbordersharemorevert找不到結果韓劇信箱股市氣象運動名人購物中心商城拍賣影音汽車機車電影字典遊戲理財房地產時尚美妝折扣城電影明星電影專題報導影評第93屆奧斯卡金馬奇幻影展電視時刻追劇咖線上戲劇線上電影暑假必追玩命關頭9黑寡婦噤界II訂票客服中心戲院總覽電影時刻電視時刻快速訂票電影明星選擇片名請選擇片名選擇地區查詢選擇分類請選擇分類西片國片戲劇綜合知性日本音樂卡通財經宗教選擇頻道查詢查詢選擇戲院請選擇戲院選擇片名選擇日期選擇場次選擇數量查詢查詢電影台北票房榜全美票房榜榜玩命鈔劫★《福爾摩斯》《阿拉丁》億萬大導蓋瑞奇最新力作★地表最帥光頭傑森史塔森繼《玩命關頭》後最強動作鉅獻★傑森史塔森蓋瑞奇四度合作黃金組合激爆大銀幕★耗資15億台幣重金打造全美由《007》發行商MGMUA影業超過3000間戲院盛大發行★全美5月7日暑期第一檔重磅上映搶先全美上映 行事作風硬派的神祕男子H傑森史塔森飾任職於運鈔車公司每周負責於洛杉磯街頭運送上億鉅款在一場劫案中H展現的驚人身手震驚了所有同事眾人紛紛猜測起他究竟是何方神聖隨著劫案接二連三發生H成為運鈔車保全的真正動機也逐漸明朗1玩命鈔劫2大鼻子情聖英國國家劇院現場3相信黎明的到來4死亡漩渦奪魂鋸新遊戲5薄荷糖《4K數位修復》6當男人戀愛時7魔戒三部曲王者再臨《經典再現》8魔戒首部曲魔戒現身《經典再現》9名偵探柯南緋色的彈丸10聽見歌再唱統計2021051520210516殺手保鑣2★億萬票房《殺手保鑣》系列續集暑假必看★影史最強三賤客原班人馬霸氣回歸戰力全開一生只賤你一人 萊恩雷諾斯山繆傑克森雙人合體電影《殺手保鏢》票房大獲成功萊恩與山繆都相當喜歡這個角色因此再度與導演簽下續集合約但有個前提是續集劇本一定要更賤爆破要更驚人導演義無反顧一口答應  《殺手保鏢2》在2019年5月於克羅埃西亞開拍故事將延續上一集為防止獨裁勢力摧毀整個歐洲嗆辣老婆索妮亞出獄後被迫與3A保鑣麥可聯手執行任務三人合體的嘴賤攻防怎能不期待 1殺手保鑣22噤界II3比得兔兔4厲陰宅3是惡魔逼我的5時尚惡女庫伊拉6紐約高地7奔馳吧小馬王812MightyOrphans9TheHouseNextDoor10玩命鈔劫統計2021061820210620黑寡婦漫威影業2020年的首部重頭戲是粉絲請求多時終於實現的《黑寡婦》個人電影黑寡婦在漫威電影宇宙中舉足輕重10多年來參與了7部電影現在娜塔莎羅曼諾夫也就是大家所熟知的黑寡婦終於踏上個人的旅程讓粉絲看到她不為人知的一面 故事點在《美國隊長3英雄內戰》之後娜塔莎因為幫助了美國隊長而踏上流亡之路當她發現一個與過去有關的陰謀時她必須全球追蹤回頭面對她神祕的間諜生涯同時逃過反派模仿大師的追殺1黑寡婦2玩命鈔劫3怪物奇兵全新世代4死亡漩渦奪魂鋸新遊戲5厲陰宅3是惡魔逼我的6烘焙家之味7失控的審判8搖滾農莊錄音趣9野蠻糾碴隊10群青戰記統計20210710看看看電影原聲帶Cars3閃電再起★收錄葛萊美獎多項肯定TheBlackKeys藍調搖滾樂團主唱DanAuerbach鄉村搖滾天王BradPaisley等音樂巨星為電影量身訂作歌曲★吉他小清新JamesBay新生代靈魂女歌手AndraDay爵士巨匠LeaDeLaria翻作多首跨世代經典歌曲賦予全新面貌 電影界的傳奇動畫名廠皮克斯以1995年的《玩具總動員》系列打動全球數億人的心並且在之後接連以《蟲蟲危機》《怪獸電力公司》《海底總動員》《料理鼠王》《天外奇蹟》等知名動畫電影成功開拓出自己的王國在2006年皮克斯開發了全新系列動畫《Cars》締造出完全車子為主角的劃時代電影作品而2011年推出的續作《Cars2世界大賽》在全球總計賣出超過170億的驚人票房再次成功地將皮克斯推往高峰,0.0,0.0,0.0,0.0,,0.0,0.0,0.0,0.0,,0.0,0.0,,0.0
1,睽違了6年皮克斯原班人馬回歸帶來了《Cars3閃電再起》在《Cars3閃電再起》中已成為世界知名超級巨星的主角閃電麥坤LightingMcQueen遇上了具有全新升級配備超跑賽車等級的無敵新秀暴風傑克森JacksonStorm為了不讓傑克森搶走風頭焦急無比的麥坤挺而走險沒想到竟在賽車場上發生了重大的車禍而被迫退出比賽喪失了一切資源的麥坤必須要從頭來過慢慢地讓歸零的自己重新容光煥發,,,,,,,,,,,,,,0.3613164222653459
2,但一切充滿了重重阻礙閃電麥坤是否能再次回到賽車場上馳騁又是否能打敗全新勁敵傑克森呢 《音樂》《Cars3閃電再起》的電影原聲帶總共有8首歌曲由TheBlackKeys的DanAuerbach鄉村搖滾天王BradPaisley英國吉他小清新JamesBay藍調搖滾中生代女力ZZWard等人共同為電影量身訂作譜寫全新作品與重新翻作許多經典歌曲賦予全新面貌 TheBlackKeys的主唱DanAuerbach在與製片會面後所為電影訂做譜寫的RunThatRace一首傳遞決不放棄堅定信念的正能量歌曲充滿著十足的爆發力替閃電麥坤的開場營造了最佳的氣勢也鋪陳了電影所具備了速度感張力,,,,,,,,,,,,,,5.58336263528636e-05
3,已經為《Cars》《Cars2》獻出4首作品的鄉村樂界的天王人物BradPaisley這次依舊獻出Truckaroo與ThunderHollowBreakdown兩首演奏曲穿插在破壞車賽的橋段中不僅展現了他高超的音樂功力更替電影增添了豐富的色彩,,,,,,,,,,,,,,0.9220991927038154
4,備受迪士尼推崇的創作女歌手ZZWard與葛萊美鄉村藍調歌手GaryClarkJr合唱片尾曲Ride,,,,,,,,,,,,,,0.9781301188539406
5,除此之外亦收錄多首驚喜翻作StevieWonder提拔葛萊美獎提名新生代靈魂女歌手AndraDay不僅在電影中配音SweetTea一角之外也貢獻一首她翻唱工人皇帝BruceSpringsteen1984年名曲GloryDays的全新版本,,,,,,,,,,,,,,0.9997002478845245
6,吉他小清新JamesBay翻唱美國草根天王樂團TomPettyandTheHeartbreakers1991年的KingsHighway以些許IndieRock的風格點綴凸顯了眾賽車於狂奔時的最佳氛圍,,,,,,,,,,,,,,0.9760051805014588
7,另也收錄迪士尼墨西哥新秀JorgeBlanco將TheBeatles的DriveMyCar爵士巨匠LeaDeLaria將靈魂樂之后ArethaFranklin的FreewayofLove的重新演繹版本首首皆為電影留下了最完美的註腳更讓其中的氣氛因旋律的渲染而達到完美之境你最近瀏覽的電影【2021下半年必追20部韓劇】孔劉宋慧喬金秀賢韓孝周金多美重量級大咖齊回歸2021上半年已經正式過完也感謝《黑道律師文森佐》《模範計程車》《我的流世界》《我是遺物整理師》等精彩好劇陪伴了我們進入2021下半年又有哪些好劇在等著我們呢下半年韓劇同樣精彩無比不僅劇集題材新穎更有眾多重量級大咖演員回歸像是孔劉宋慧喬金秀賢孫藝真全智賢李鍾碩韓孝周等男女神回歸是不是超級期待呢一起來看看2021下半年韓劇必追清單吧20210707《你是我的春天》演員群嘴甜盛讚劇組吃了老實藥的徐玄振急喊這樣我算什麼愛情劇女王徐玄振這次攜手《與神同行》金東旭榮耀回歸Netflix全新韓劇《你是我的春天》5號舉辦新戲記者會徐玄振吃了老實藥直呼當初接演本劇是因為編劇太會介紹被騙了所以決定演出結果見到其他演員嘴甜盛讚劇組爆笑喊出你們這樣我算什麼啊202107052021夏季韓劇8部必追全智賢《雅信傳》戰活屍愛情劇女王徐玄振4大男神新作回歸2021年夏季韓劇將來襲眾所期待的《屍戰朝鮮》推出以全智賢為主角的特輯《屍戰朝鮮雅信傳》是女神暌違5年再度回歸主演電視劇,,0.9999999999999813,,0.9999999999999813,,,,,0.9999999999999813,,0.9999999999999813,,,0.9999999999999813
8,愛情劇女王徐玄振也讓粉絲等了3年治癒浪漫新作《你是我的春天》即將上檔,,,,,,,,,,,,,,0.9995207282945373
9,還有淨化眼球的俊男美女CP安孝燮金裕貞的古裝愛情劇《紅天機》演技和收視保證的男神池晟南宮珉池珍熙車太鉉都帶著新作品與觀眾見面以下盤點8部七到九月必收清單的夏季檔韓劇20210629看好誰韓國10新生代演員崛起宋江黃寅燁李到晛裴仁爀評價＆新作一次看風水輪流轉過去不少韓劇男神有的去當兵有的轉戰電影圈或是海外拍戲韓國本土近期新生代大勢演員頻頻冒出頭不僅戲約不斷接連在許多作品出現甚至都從配角晉升男二或是男主角之位而這些新生代演員不管是在演技或是作品上都有正反兩極評價不曉得各位觀眾最看好誰呢20210629《我的室友是九尾狐》原著有床戲漫畫和韓劇5大差異超級比一比熱播中的韓劇《我的室友是九尾狐》改編自Webtoon漫畫《心驚膽顫的同居》韓劇算是很大程度還原漫畫劇情尤其男主角張基龍簡直就是直接從漫畫中走出的絕美九尾狐申又如而惠利不計形象的演出也完整呈現女主角李潭的搞笑顏藝雖然原著中有床戲不知道會否還原進韓劇裡但除此之外還是有漫畫劇情在戲劇中被刪改以下為大家整理的劇中與漫畫的5大差異20210629【7月7部話題韓劇開播】女神齊回歸全智賢徐玄振宋智孝Krystal新劇追起來6月也開播不少新劇《Penthouse上流戰爭3》《機智醫生生活2》《無法抗拒的他》都是採一週一集的緩更模式開播正式進入2021年下半年又有哪些韓劇在等著我們呢7月不少韓劇女神齊回歸一起來看看新作介紹20210625錯過可惜2021上半年必看10部韓劇推薦不只《文森佐》《機醫2》這些夯劇也必追在此為大家嚴選出10部不可錯過的韓劇清單不論是收視率還是議題性或是話題性討論度都非常高的韓劇們追劇慢的朋友們也務必把此份清單收下有再慢慢開追之後就可以來好好迎接2021下半年韓劇了20210623宋江搭朴敏英成真姐弟戀韓劇《氣象局的人們社內戀愛殘酷史》開拍尹博Yura加盟韓國大勢演員宋江戲約不斷作品一部接著一部拍目前與韓韶禧主演的《無法抗拒的他》也剛上線開播立即又公布了好消息宋江下部作品確定會與韓劇女神朴敏英合作《氣象局的人們社內戀愛殘酷史》是戲外相差8歲的姐弟戀的合作同樣又是高顏值俊男美女組合已經讓粉絲們都超級期待20210621《機智醫生生活第2季》療癒五人幫回歸沒想念彼此若再拍第3季就要丟雞蛋韓劇粉絲們最期待的《機智醫生生活第2季》終於要播出了劇組於10日舉行新戲記者會導演申元浩率領療癒五人幫浩蕩出席記者會第1季結束後其實不管線上線下都有持續保持聯絡的五人都笑稱並不想念對方導演表示新一季的故事更加溫暖且有深度會深深感動大家20210610不只《我的室友是九尾狐》盤點10部人神戀韓劇《鬼怪》《來自星星的你》必看最近人神戀的韓劇《某一天滅亡來到我家門前》《我的室友是九尾狐》熱播中事實上韓國鬼神劇題材真的很多有很多像是驅魔或是議題型鬼神劇不過我們今日要聚焦在以愛情為主軸的人神戀題材202106086月鮮肉美男追不完居家防疫追高甜韓劇陸劇不無聊張基龍宋江為少女心注入活力居家防疫切忌餐餐大魚大肉但是追劇精神糧食再多鮮肉都不嫌多本文盤點6月好劇裡的各式鮮肉美男就讓高甜韓劇陸劇裡的張基龍宋江劉特和丁禹兮等眾男星為觀眾的少女心注入滿滿的活力吧2021060610部必看狗血韓劇推薦《我的上流世界》＆《上流戰爭》熱播別讓貧窮限制了想像韓國狗血劇儼然成為了收視保證班越灑狗血觀眾罵越兇就越紅過去像是早期的《妻子的誘惑》《百年遺產》都是非常經典的狗血韓劇不過隨好幾年過去了狗血劇題材依舊不敗從近幾年推出的韓國狗血電視劇可以發現都有非常好的收視率還有話題討論度而且格局也越拍越大20210601金正恩嚴格禁韓流北韓男私售韓劇光碟遭槍決家人被迫站第一排觀看《愛的迫降》中愛看韓劇的第五中隊隊員金舟墨劉秀彬飾如果真有其人怕是要倒大楣了北韓去年12月加重國民散佈及觀看南韓影視作品的刑罰公開處決非法販售南韓電影戲劇和音樂的北韓男子男子的親屬更被迫站在第一排觀看行刑202105306月9部韓劇來襲新季數《上流戰爭3》《機智醫生2》回歸《無法抗拒的他》引爆期待5月上檔了眾多充滿戀愛泡泡的韓國電視劇像是《五月的青春》《某一天滅亡來到我家門前》《我的室友是九尾狐》等高顏值CP組合出演而《我的上流世界》還有《MoveToHeaven我是遺物整理師》好口碑也持續延燒收視排名不斷上升可以說是讓觀眾看好看滿的月份20210525李多寅高顏值登熱搜姐姐李侑菲演過李昇基初戀有吻戲姐妹花韓劇收割一票男神人氣男演員李昇基在韓國演藝圈一直都有著非常好的形象是被大眾認可的國民好感男而且鮮少傳出緋聞戀情最轟動的是在2014年被最強狗仔D社《Dispatch》爆料他跟少女時代潤娥的戀情不過兩人交往1年9個月後因為行程繁忙聚少離多最後分手收場20210524【潘光中專欄】中韓接力翻拍《我親愛的小潔癖》漫畫原著／韓劇／陸劇超級比一比最近網飛上架了一部《我親愛的小潔癖》不知道大家開追了沒這部的集數和題材都很輕薄短小相對動輒三四十集上下總是愛得你死我活或鬥得魚死網破的時裝陸劇來說特別不一般加上有新生代男神劉以豪加持很快就連續好幾天進入區熱播前十名20210523驚悚懸疑韓劇迷必看《VOICE4》變態殺人魔再現《黑洞》末世求生狂砍活屍今年不少驚悚懸疑韓劇大受觀眾歡迎包括呂珍九《怪物》李昇基《MOUSE窺探》李瑞鎮《TIMES聲死一線》等播出期間都盤據話題隨著這些電視劇播畢喜歡暗黑或動腦題材的劇迷也別擔心鬧劇荒以下盤點了4部熱播中和即將上檔的驚悚懸疑韓劇不同的故事題材等著你來追20210520酷熱退散張娜拉鄭容和攜手驅魔｜納涼靈異韓劇《大發不動產》由最強童顏張娜拉與韓流男神之一的鄭容和首度合作主演的靈異喜劇《大發不動產》開播沒幾週就已獲得不少劇迷好評在天氣漸漸轉熱之際就已經準備好為大家驅散熱氣納涼一下啦20210520影評專欄┃煽情界的清流韓劇《我是遺物整理師》骯髒世界裡所堅持著的詩意童話雖說是將韓國藏污納垢處一一點名掀開卻又是透過遺物整理收拾的方式將這些悲傷的故事骯髒的世界清理乾淨意在言外的有種希望一切悲劇到此為止的暖心喊話功能雙關得恰到好處整部《我是遺物整理師》漾出了頗具詩意的童話氣息讓即便是後來出現韓劇慣用的煽情戲碼也都還是穩住了這部韓劇的清流療癒體質20210520宋江韓韶禧高顏值組合韓劇《無法抗拒的他》預告讓人好心空6月播出4大看點整理找來高顏值鮮肉宋江與最美小三韓韶禧搭擋演出的JTBC韓劇《無法抗拒的他》確定將於6月9日首播近日公佈首支預告影片中兩位男女主角在飄落花瓣的網球場相遇臉上掛著花一般的笑容緩緩走向對方充滿浪漫的心空氛圍雖然劇還沒播出但已經讓許多粉絲都心動的快等不及啦20210519速懂蔡依林也追的韓劇《如蝶翩翩》必看催淚原因連蔡依林也在追的韓劇《如蝶翩翩》改編自網路同名漫畫由宋江和朴仁煥所主演題材融合人生夢想現實等元素原著漫畫在韓國創下超高點閱率戲劇改編更獲網友們一致好評20210513張基龍攜手惠利共譜浪漫愛情韓劇《我的室友是九尾狐》平凡女大生貪吃誤事與九尾狐的心空戀愛即將開始近期韓劇以懸疑驚悚和探討社會議題的類型當道不過還是會需要看一些小甜劇補充少女心本月將播出的韓劇《我的室友是九尾狐》由顏值超高的張基龍搭擋惠利演出該劇翻拍自Webtoon人氣漫畫《心驚膽顫的同居》由《金秘書為何那樣》編劇崔寶林和白善宇改編導演則是曾指導《百日的郎君》南成宇導演黃金組合讓不少劇迷期待爆表20210513李鍾碩御用童星南多凜出道12年首主演男主角《少女女巫賈鬥心》搭檔金賽綸談戀愛年僅18歲的南多凜在2009年時年僅6歲時出道就此出演各大韓劇裡男主角們的童年或是少年時期被稱作南弟弟韓劇男神御用童星一轉眼南多凜18歲了演技跟外貌都相當出眾終於在今6日迎來好消息南多凜出道12年來首次主演電視劇男主角這次終於不再是演別人的童年了20210506Netflix新療癒原創韓劇《MovetoHeaven我是遺物整理師》李玉璽真情感動推薦繼催淚勵志的《如蝶翩翩》之後Netflix原創系列將為觀眾獻上年度暖心療癒職人劇《MovetoHeaven我是遺物整理師》儘管遺物整理師是個大眾較為陌生的特殊職業但韓國和日本的觀眾應該都會有不少共鳴這次Netflix特別邀請李玉璽搶先試片20210506【潘光中專欄】不容一絲分神的全程燒腦律政劇《LawSchool》五大推坑看點喜歡律政劇的觀眾一定注意到本季韓劇出了一部極品《LawSchool》本劇的故事以首爾大學法學院的師生互動為北景講述他們在模擬法庭中面對人類所能展現的最激烈熱情和挑戰最悽慘矛盾和苦惱最殘酷競爭和衝突為了實現法律與正義各自孤軍奮鬥著202104295月7部強檔韓劇開播朴寶英＆徐仁國惠利＆張基龍李到晛＆高旻示高顏值CP已戀愛23月許多開播劇集不少都已經播畢或是進入收尾階段像是《薛西弗斯的神話》《怪物》《月升之江》已播畢《如蝶翩翩》《黑道律師文森佐》這週都會播出大結局劇情劇迷們肯定會覺得劇荒不過別擔心5月會有滿滿的新劇來襲而且幾乎都是愛情元素為主軸滿滿的高顏值CP組合陣容劇單可以說是非常華麗20210427追了燒腦韓劇《Lawschool》回不去5大看點坐看《最佳利益2》能否超越她燒腦戲劇成為21世紀初最受歡迎的劇型之一命案是一定要有但如今早已不侷限於警察或偵探的辦案故事才能燒腦其他職人劇也可以韓劇《Lawschool》以法律學院教學現場鋪排出了一場又一場的法庭實務課以及挑戰法律現場的各種突發事件甚至是校園命案根本上所挑戰的便是當代人類只以法律來斷定真相與正義的慣性迷思《Lawschool》的出現其極剽悍的法律職人劇風格將烙印在觀眾心中讓人看了以後會回不去以後的法律職人戲種恐將都將會被拿來與《Lawschool》比較與審視就連現正拍製中的台劇《最佳利益2》也難保不受到《Lawschool》影響20210425驅魔劇《大發不動產》好評爆棚10部帶有深意＆警世感人必看鬼神韓劇推薦由張娜拉與鄭容和主演的驅魔劇《大發不動產》目前開播4集好評爆棚收視率更微幅領先同時段的《Mouse窺探》還有《LawSchool》張娜拉與鄭容和的化學效應也受到觀眾喜愛《大發不動產》劇情主軸圍繞在驅魔所以有不少鬼魂出現鏡頭20210423不只《TIMES聲死一線》盤點五部讓你腦洞大開的跨時空懸疑犯罪燒腦韓劇在緊張又刺激的犯罪現場跟著主角一起推理辦案找到兇手懸疑犯罪推理劇是許多韓劇迷的類型現在的編劇們除了要把犯罪手法寫得令人毛骨悚然把推理邏輯編織得更加縝密之外還不夠202104087部姐弟戀韓劇待播林秀晶李到晛宋慧喬張基龍韓劇女神X大勢鮮肉Pick哪對CP近期韓劇有不少作品接連公開選角而這些新劇CP組合攤開來一看幾乎清一色都是姐弟戀組合韓媒也稱現在是大勢姐弟戀羅曼史而且姐姐們都是睽違許久回歸小螢幕的韓劇女神而弟弟們則是近期的大勢小鮮肉新穎組合配上劇情讓不少劇迷都相當期待現在就一起來看看有哪些姐弟戀組合還有待播新劇202104074月份5部韓劇來襲每部都必看驅魔喜劇《大發不動產》《模範計程車》動作片連發由於23月開播韓劇眾多目前也都還在熱播之中而且都正進入劇情中後階段像是《薛西弗斯的神話》《黑道律師文森佐》《怪物》《Mouse窺探》都是非常精彩時期而狗血劇《Penthouse2》也即將在這週迎來第二季大結局相信不少人會覺得空虛讓我一起來看看4月份韓劇劇單雖然開播數不多但部部都必看啊20210330韓劇19禁正夯《上流戰爭》狗血極致懸疑劇暴力殘殺電視台破尺度有原因韓國電視台近來推出越來越多19禁限制級戲劇繼去年《夫婦的世界》掀起話題刷新JTBC電視台和有線電視台戲劇節目最高收視紀錄後今年各家電視台再度播出部分集數19禁的戲劇包括SBS毀人三觀的狗血劇《Penthouse上流戰爭》JTBC調查連續殺人犯的懸疑劇《怪物》tvN改編自真實殺人事件的驚悚劇《MOUSE窺探》挑戰劇迷重口味看劇尺度這三部韓劇也確實都成功吸引觀眾開出亮眼收視20210329清明連假看什麼8部熱播韓劇陪你過假期《如蝶翩翩》治癒小品暖心又催淚讓大家等得好苦啊的連假又來了不想出去外面人擠人宅在家追劇準沒錯再加上23月開播韓劇爆炸多再次為大家分類重點整理選擇你想要的類型爆米花零食準備好就開追精選多達8部熱播劇單別要錯過這些精采好劇20210325《買進名校》vs《SkyCastle》3檔上流韓劇有驚人共通點揭露富人子女升學黑幕Netflix犯罪紀錄片《買進名校美國大學舞弊風暴》揭露了在美國真實發生的大學入學舞弊案醜聞主謀瑞克辛格本是一名籃球教練被解雇後改做升學顧問之後開始擴大事業規模用自己研發的走側門機制讓富人小孩直升名校不少政商名流富豪都是他的客戶也因為他保證入學所以富人客戶絡繹不絕20210318【潘光中專欄】白眼翻不完嘶吼無極限韓劇《Penthouse上流戰爭2》再創狗血劇新高度把《Penthouse上流戰爭2》歸類在狗血劇好像已經不太足以形容這個故事的變態程度狂汗20210310韓劇《宮》隔15年將翻拍當年爆紅4主角都曾陷崩壞魔咒網友稱《宮》有演員魔咒尹恩惠聲勢曾一落千丈朱智勳2009年鬧出呼麻染毒風波金楨勳要求女友墮胎宋智孝在限制級電影《霜花店》大尺度全裸床戲為藝術犧牲當時在韓國引起很大的爭議20210305韓劇情節真實上演盤點10部校園暴力韓劇連《SweetHome》宋江都被霸凌近期韓國演藝圈不平靜接連爆出許多演員和歌手學生時期是校園暴力加害人的爆料其實韓國現實中校園暴力事件是很多人的地獄日常不少韓劇也拍出了有關校園霸凌及青少年議題反應出這是普遍性的嚴重情況這些韓劇的劇情不是只有在電視劇而是發生在現實之中202103053月份8部韓劇登場張東潤李昇基男神回歸宋江《像蝴蝶一樣飛》連兩部作品開播2021年2月份也陸續開播不少劇集讓劇迷直呼根本要會影分身才能追完而且劇情都偏科幻驚悚題材像是《LUCA物種起源》《薛西弗斯的神話》《怪物》《Times聲死一線》可以說是讓觀眾非常燒腦的月份緊接著3月也有8部韓劇將開播陸續登場這個月份劇集題材偏多元讓劇迷們有不同的觀看選擇202102262021Netflix10部韓劇片單介紹孔劉《寂靜的大海》全智賢《屍戰朝鮮雅信傳》重磅來襲Netflix近日公布了高達10部將在2021年陸續開播的韓國原創劇片單連帶也公布了演出卡司加上最新劇照釋出讓粉絲樂翻每部作品演員都是重量級的組合陣容像是孔劉裴斗娜李政宰劉亞仁丁海寅李帝勳等人登場大咖們紛紛回歸組隊合作劇情也相當引人入勝快來一同欣賞最新劇照20210226高文英尹世理張滿月車賢千頌伊她們都是把片場當伸展台的韓劇大女主儘管我們都知道韓劇一大賣點就是高顏值男女主但每每看到她們在劇中各種華麗裝扮還是不禁讚嘆妝髮服裝團隊的辛勤努力這其中有六位大女主換裝頻率之高各套造型之精緻堪稱把片場當成伸展台的經典模範以下就為大家一一盤點20210222【潘光中專欄】重口味硬科幻韓劇《LUCATheBeginning》完美的超人類是否存在同一物種的所有個體同一屬甚至更高級類群的所有物種都是從一個共同祖先傳下來的然而即使是這樣明顯的事實也有疑點它們既然存在於相距遙遠的不同地域又是怎樣遷徙出去的呢方法總是有的——查爾斯勞勃達爾文《物種起源》20210222《薛西弗斯的神話》好燒腦盤點10部經典跨時空韓劇高能劇情保證讓你腦洞大開由朴信惠和曹承佑主演的科幻跨時空燒腦劇《薛西弗斯的神話》再度掀起一波穿越劇的風潮其實韓國拍攝這類有關跨時空穿越靈魂交換的劇情行之有年許多劇情真的都非常複雜以下整理了多類型的燒腦韓劇給大家像是有從古代穿越到現代或是懸疑辦案單純靈魂交換等題材都有喜歡跨時空穿越劇的你絕對不要錯過這份清單20210220【雀雀劇評專欄】《驅魔麵館》混合拼貼集大成緊抓韓國戲劇成功要素的黑馬韓劇一度更換編劇受到觀眾熱烈爭議的《驅魔麵館》在2021年一月迎來大結局讓人又哭又笑的終章定能清洗無數觀眾心靈本劇集結與混合了眾多戲劇經典元素混搭拼貼出一幅專屬於韓國電視劇的風景亮眼的收視與討論熱度也讓該劇成為2020年橫跨到2021年的韓劇黑馬202101272021年2月9部韓劇開播宋仲基朴信惠金來沅強勢回歸科幻題材齊發震撼視覺感官2020年12月底年尾播出不少韓劇目前也進入收尾或是完結狀況1月開播新劇不多肯定許多劇迷感到大劇荒不過別擔心2月許多新戲要開播啦而且不管是在題材的選用以及卡司組合保證都讓你的覺得很新鮮甚至許多大咖都要回歸囉20210126過年看什麼10部超夯熱播韓劇推薦來場追劇馬拉松保證讓你看好看滿目前2021年12月份新開播的韓劇電視劇作品比較少剛好又碰上2月的過年連假剛好是能補追回許多韓劇的進度在2020年末開播不少好劇目前都還在熱播中或即將完結現在就為大家整理過年的追劇清單保證讓你看得過癮追完這些不僅不怕錯過2020年尾好劇還可以好好來迎接2021的新劇喔20210124【潘光中專欄】新型態韓劇《愛在大都會》不只能下飯還能關燈陪睡最近有兩部規格外的韓劇在網飛上架原創故事《愛在大都會》陸劇翻拍《致美麗的我們》都是由新平台KAKAOTV推出的實驗劇今天先為大家介紹由池昌旭金智媛金玟錫蘇珠妍劉慶秀韓智恩等人聯合主演的《愛在大都會》202101222021必追20部韓劇強檔推薦超狂卡司孔劉宋仲基全智賢徐睿知強勢回歸揮別2020迎來2021又有哪些好劇在2021等著我們呢不得不年的劇單真的超級華麗不僅劇情題材多元更重要的是還有許多眾大咖們回歸及合作實在讓人等不及這些新劇開播話不多就趕緊來搶先看2021有哪些電視劇即將登場202012282020話題韓劇回顧必追清單最佳CP組合爆紅最佳男配女配新年連假一次補齊2020進入最後4天倒數在迎接2021前讓我們來做個2020韓劇年末總整理一起來回顧今年的必追10部劇以及最佳CP組合還有哪些爆紅的男配女配天氣冷吱吱新年連假不知道做什麼最好的方式就是宅在家跟家人或朋友們來場馬拉松式追劇把這些劇追完就可以好好迎接2021的新劇啦話不多說就趕緊來看看為你嚴選出的2020榜單20201228【潘光中專欄】漫改浪漫韓劇《女神降臨》學霸車銀優與校霸黃仁燁妳選哪一個年末漫改劇大爆發的這個時期《女神降臨》的出現確實給了觀眾一個不需要在燒腦懸疑滿地血漿中凌虐自己的輕鬆選擇如果你已經入坑恭喜到明年二月初為止這部甜滋滋漫改劇都會陪著你,1.0,1.0,1.0,1.0,1.0,1.0,1.0,1.0,1.0,1.0,1.0,,1.0,1.0
10,如果你還沒開追拜託不管是什麼阻礙了你都請放下趕緊的來看看這部眼球淨化劇魅力何在20201227Netflix年度原創神劇《SweetHome》榮登8國冠軍刷新韓劇新紀錄在全球粉絲們的殷殷期盼下Netflix年度原創神劇《SweetHome》終於上線跨越語言的隔閡以驚悚的視覺效果深度發人省思的劇情讓《SweetHome》僅上線48小時便打進全球42個國家的TOP10更在韓國等8國席捲冠軍寶座締造全新神話級佳績20201224服務中心|隱私權更新|建議|我們的廣告|服務更新|由Yahoo奇摩電影提供KSD韓星網KPOP明星韓劇綜藝電影畫報專題Beauty生活話題韓星來港活動韓星來台活動有獎活動繁中简中圖片星檔已追蹤的偶像今日推介申世景加入EDAM為了歡迎新成員職員李知銅也送上蛋糕 可以隨時來找我申世景日前揮別過去合作17年的老東家NamooActors與IU所在的EDAMEDAM是KakaoM集團子公司簽約IU也二代女皇團Tara出演《認哥》就在今晚搶先看開場成員們完全沒注意到金榮澈不見了XD你為什麼不化妝針對網民的無禮留言李周映給出霸氣回應林秀晶＆太妍也曾明確表態金鍾國頻道首期嘉賓是宋智孝他還開啟嘮叨模式懵智只想李鍾碩IG曬出與金來沅的合照海軍服+大長腿實在太帥了瞬間忘了這部《分金希澈MOMO被曝結束1年6個月戀情繁忙行程又背鍋經紀公司確實已人氣討論Elsa再現SJ厲旭Cover東海MV自己當女主角找銀赫神童演繹深情三角戀162復仇爽劇《模範的士》有望拍攝第二季李帝勳金義聖都曾表示想再一起合作想再拍一次128【韓網熱議】2PM俊昊說和他結婚必須有自信才行留言中滿滿SJ厲旭恰信一搜的表情包98金希澈MOMO被曝結束1年6個月戀情繁忙行程又背鍋經紀公司確實已分手91申世景揮別17年老東家簽約EDAMIU送上祝賀禮物也發文歡迎哦耶是新家人85狗血情節仍是收視良藥《婚詞離曲2》開播將過半以933%刷新自身收視紀錄80除了19禁找不到其他宣傳點宋江韓韶禧《無法抗拒的他》被評只靠顏值撐場面收視率將跌破1％78《ThePenthouse3》傳再加一集製作方研擬13集結局中67最新文章《玩什麼好呢》100期演唱會就是今晚MSGWannabe8人活動曲〈我愛你〉也將公開綜藝SGWannabeBigmamaVOSLABOUM都來了MSGWannabe也將帶來最後的禮物♡2021年7月10日 星期六1658 草莓  節目遭提問一見鍾情的可能度全昭旻《RunningMan》妙曝被叫努那黑歷史綜藝上週7月4日播出的綜藝《RunningMan》當中主持人河錫辰提問女星全昭旻容不容易一見鍾情全昭旻向眾成員分享到有位男鄰居偶爾會傳訊給她後來因緣際會下送全昭旻回家竟叫了她一句努那2021年7月10日 星期六1616 小水滴  KPOP女王CL與姜丹尼爾公司成為合作夥伴粉絲大喊拜託兩人快出合作曲明星很期待未來有機會看到這樣歷代級的合作CL姜丹尼爾2021年7月10日 星期六1600 MiJimin  MVBTS防彈少年團X現代汽車Hyundai合作曲《IONIQI'monit》MV公開DAY6EVENOFDAY主打歌MV公開暖心橋段讓粉絲動容朴軫永再次爆笑出演自家女團MVJYP日本女團NiziU首單公開NATURE新歌MV挑戰驚悚童話風部份畫面不過審刪減OhreallyNFlying今凌晨公開了新曲《아진짜요》MV5人真的太可愛防彈少年團姜丹尼爾的新歌MV拍攝地在同一個LA劇院辛苦音樂劇演員田美都了《機智醫生生活2》音癡頌和唱起《Couple》大家有聽出來嗎韓劇《機智醫生生活2》第4集中翊晙曹政奭飾和頌和田美都飾在夕陽下散步聊天2021年7月10日 星期六1551 Yuan 5【有片】《白種元的胡同餐廳》金成柱自曝被BTS柾國救過一命如果沒有柾國我已經不在這個世界了綜藝7日播出的SBS《白種元的胡同餐廳》裡金成柱聊到和防彈少年團柾國的獨特緣分2021年7月10日 星期六1545 Sani  申世景加入EDAM為了歡迎新成員職員李知銅也送上蛋糕 可以隨時來找我明星申世景日前揮別過去合作17年的老東家NamooActors與IU所在的EDAMEDAM是KakaoM集團子公司簽約IU也在限時動態歡迎申世景啊薩是年糕EDAM哦耶是新2021年7月10日 星期六1449 Yuan 5炎炎夏日就是要吃冰KakaoFriends推出超可愛Ryan刨冰機讓你在家就可以消暑生活超人氣的KakaoFriends受到許多人喜愛他們常在不同的季節中推出各種適合的商品每次都會讓人超想入手啊2021年7月10日 星期六1332 Yuan 4美聲精靈SJ圭賢連唱20分鐘宛如小型演唱會第一首歌就讓人眼眶泛淚TATKPOP就這樣靜靜地欣賞圭賢唱歌真的是一件非常幸福的事終於出演《KillingVoice》了感動大家最喜歡哪一首歌呢小編無條件愛《在光化門》2021年7月10日 星期六1228 MiJimin 4二代女皇團Tara出演《認哥》就在今晚搶先看開場成員們完全沒注意到金榮澈不見了XD綜藝一定要鎖定Tara出演的這期節目啊另外也祝福金榮澈在海外發展順利《認識的哥哥》今晚九點首播2021年7月10日 星期六1145 MiJimin 3《盼望的大海》樂童李秀賢cover逆襲神曲《Rollin'》唱出全新滋味李棟旭開心起舞超俏皮綜藝【官方最新特別剪輯版】真的好喜歡樂童音樂家AKMU李秀賢的歌聲聽完心情好上一整天2021年7月10日 星期六1001 MiJimin 3【KSD評分】由韓星網讀者評分《你是我的春天》只是播了2集就來到TOP3韓劇這星期有1套新劇開播是《你是我的春天》也厲害的播了2集就來到TOP3了有興趣的朋友可以在今明２天點開去看啦之後再來評評分吧2021年7月10日 星期六0930 choyoung 3你為什麼不化妝針對網民的無禮留言李周映給出霸氣回應林秀晶＆太妍也曾明確表態明星李周映的留言回復真的一針見血林秀晶那句我愛30代的自己也讓人拍手稱讚2021年7月10日 星期六0830 Sani 3太用心了吧徐玄為了感謝粉絲送來咖啡車每次都特地準備漂亮的衣服拍照認證明星為她應援的人一定好感動好有滿足感不愧是少女時代啊2021年7月10日 星期六0800 Sani 3韓國音樂劇《太陽之歌》轉眼迎來各主演—溫流元弼白虎榮宰Kei的尾場電影《太陽之歌》音樂劇是首次有韓國音樂劇於香港星加坡的戲院與韓國同步進行海外直播轉眼之間就要迎來尾場了2021年7月10日 星期六0054 韓星網  亞洲合作女團SKYLE成員公開CHAEHYEONGINNYERINUJEONGKPOP亞洲合作新人女團SKYLE首次亮相2021年7月9日 星期五1753 韓星網  1189112345678下一頁追蹤KSD訂閱KSD熱門標籤李俊昊徐玄振ThePenthouse3機智醫生生活2池昌旭2PM逆賊偷百姓的盜賊朴炯植宋旻浩我的室友是九尾狐金來沅宋智孝鄭恩地宋承憲SHINee遠看是蔚藍的春天李敏鎬RunningMan宋仲基惡魔法官防彈少年團TWICE某一天滅亡來到我家門前高庚杓我獨自生活張基龍潤娥朴敘俊金鍾國李光洙少女時代BLACKPINK宋江趙寅成SuperJunior朴寶劍金裕貞IUSeventeen鄭容和韓韶禧盼望的大海曹政奭無法抗拒的他徐仁國劉在錫李棟旭MAMAMOOEXO太妍熱門文章KSDcopy2021KSD韓星網版權所有不得轉載我們廣告查詢免責聲明招募寫手韓劇第1頁TVBS網即時熱門社會要聞全球生活理財房地產Focus食尚新奇科技運動大陸氣象精選黃金線Live不漏接議題民調生態文明專題三級微解封2020東京奧運疫苗即時通新冠肺炎疫情大家都在APPTVBS官網台北市24º27º三級微解封疫苗即時通即時要聞社會全球生活議題理財房地產氣象黃金線大陸Live不漏接科技Focus食尚新奇運動民調生態文明三級微解封疫苗即時通即時要聞社會全球生活議題理財房地產氣象黃金線大陸Live不漏接科技Focus食尚新奇運動民調生態文明三級微解封疫苗即時通即時要聞社會全球生活議題理財房地產氣象黃金線大陸熱門Live不漏接科技Focus食尚新奇運動民調生態文明臺北市24º27º三級微解封疫苗即時通即時要聞社會全球生活議題理財房地產氣象黃金線大陸Live不漏接科技Focus食尚新奇運動民調生態文明三級微解封疫苗即時通即時要聞社會全球生活議題理財房地產氣象黃金線大陸Live不漏接科技Focus食尚新奇運動民調生態文明三級微解封疫苗即時通即時要聞社會全球生活議題理財房地產氣象黃金線大陸熱門Live不漏接科技Focus食尚新奇運動民調生態文明好康即時快報　立即TVBSAPP快訊直播逾10人群聚喝酒　百萬網紅含羞草道歉願依法處理快訊大調查抽萬元現金結果韓劇結果共2093筆直播議題姜素拉狂鏟24公斤難甩烏龜頸　靠3招練出優雅曲線5小時前202107101553韓星減肥瘦身飲食體態烏龜頸《她很漂亮》黃正音不離婚停工一年和好企業家老公8小時前202107101239黃正音南韓韓劇婚姻離婚惠利預謀成人計畫誘惑張基龍　滾床被警告妳危險了1天前202107091515韓劇張基龍惠利我的室友是九尾狐新戲徐玄振譜懸疑愛情劇　宋智孝魔女料理　全智賢屍戰登場202107051126202107051126韓劇徐玄振金東旭你是我的春天宋智孝全智賢好想在家燒肉　霸氣夫自製客廳燒烤排煙202107041810202107041810疫情防疫網友新北市公司《惡魔法官》池晟心疼老婆辛苦　卻轉身猛誇舊愛漂亮202107040515202107040515池晟李寶英金玟廷我的上流世界惡魔法官女星張基龍不顧九尾狐尊嚴瘋狂撒嬌　女友凍抹條好可愛202107030500202107030500張基龍惠利我的室友是九尾狐感情粉絲大學機智醫生生活首推聯名周邊　BTS奶油小物掀瘋搶202107021708202107021708防彈少年團機智醫生生活聯名韓劇BTS國寶天后李英愛為兒女停事業　享田野生活成最酷豪門202107021558202107021558李英愛韓星韓劇大長今演員豪門南韓新男神宋江挑戰惡劣男照圈粉　羽球陳峻相才17歲202107011315202107011315韓劇男星宋江陳峻相彩蛋機智2換金大明當主唱被讚實力超強　鄭敬淏藍芽哏入戲202106271201202106271201疫情網路意外生活粉絲宋承憲接演《VOICE4》壓力大　出道25年首度後悔202106270505202106270505宋承憲韓劇VOICE4VOICE演員愛情韓星惠利長年維持勻稱身材　僅靠3+2保養秘訣202106221013202106221013瘦身運動韓劇飲食美腿水腫韓素希新戲開播收視慘被網友批演技差《九尾狐》也被罵202106211202202106211202韓劇韓素希新戲演技批評收視率《上流》40歲柳真超狂神凍齡　曝2步驟擁有水煮蛋肌202106200518202106200518柳真肌膚保養簡單秘訣推薦朴敏英為戲狠甩10kg　螞蟻腰蜜桃臀3招擁逆天體態202106191248202106191248瘦身女星韓國朴敏英演員減肥《機智醫生生活2》收視創紀錄　導演透露第3季計畫202106181537202106181537機智醫生生活機智醫生生活2韓劇曹政奭柳演錫鄭敬淏《機智醫生2》來了首播收視創歷史新高　演員群想了202106181413202106181413韓劇機智醫生生活收視第一名潘慧如吳依霖都愛沒洗頭髮型　方便好看全靠這秘訣202106180545202106180545疫情防疫三級警戒藝人電影吳依霖機智醫生生活第二季617開播　張基龍與宋慧喬新戲譜姊弟戀202106161610202106161610韓劇機智醫生生活回歸上流戰爭3熱播宋慧喬擁有線條感肉肉臉　朴寶英傳授3招瘦身秘訣202106060929202106060929減肥防疫簡單朴寶英可愛韓劇北韓工程師私售韓劇遭槍斃　百人面前公開處決妻兒站首排202106021604202106021604北韓朝鮮南韓電影戲劇非法販售張基龍劈腿　新戲合作蔡秀彬Krystal喜劇電影接連上檔202105301235202105301235韓星電影我的室友是九尾狐同居感情大學防疫在家追韓劇上流戰爭3機智醫生生活26月開播202105291133202105291133新冠肺炎疫情疾管署新冠措施防疫《上流》金素妍首奪百想視后　申河均打敗金秀賢宋仲基拿視帝202105141131202105141131百想藝術大賞韓國韓劇金素妍上流戰爭申河均12345人氣點閱榜1別讓陳時中睡不著高端全公司僅1懷孕員工接種莫德納2印度神童再預言7月4件事恐逃不掉爆發3波疫情3確診男採檢未達標遭延長隔離　情緒不穩諮商後在醫院輕生4別人賠錢你旺翻2生肖下半年卯死　摸到股票就賺53000元的蛋餅高雄水電工騎樓用餐挨罰　陳其邁回應6店家貼瓜子臨時公休　內行一唸秒懂老闆客家人看編輯推薦1白宮刪台國旗文稱無心之過　美議員轟怕得罪習近平2女星16歲遇潛規則留陰影　痛罵對方年紀比我爸大3不斷更新／微解封政策急轉彎全台只剩1縣市可內用4國人不關心部長睡不著　劉和然批陳時中喪失公信力5你敢挑戰嗎南部限定雞佛披薩　開賣第一天爆單6微解封前景點續管制　烏來禁遊客龜吼漁市限30人話題熱播榜1矛盾的事不能說沒有網酸陳時中他自己就是一個矛盾2家人全醫護警消　女嘆微解封重砸前線他們的命誰守3滷蛋出鍋現黑點男嚇傻不敢吃　內行曝2關鍵解惑4萬年小學生《名偵探柯南》結局已定作者青山剛昌親口證實5北捷南京三民站擦拭電扶梯清潔員確診　1傳6追感染源即時熱搜確診解封萬芳醫院黃友輔三立警察掛紙藝人員警管制本網站使用Cookies以便為你提供更優質的使用體驗若您點選下方我同意或繼續瀏覽本網站即表示您同意我們的Cookies政策欲瞭解資訊請見我同意感謝您訂閱TVBS跟上最HOT話題掌握脈動AllowNoThanks您的意見是我們前進的動力歡迎來信或來電反映意見反映servicetvbscomtw觀眾服務專線0226561599公司介紹人才招募節目表主播專區企業動態更正與澄清自律規範個人資料保護網站使用協定版權宣告業務服務節目版權銷售公開招標頂尖事務所TVBS官網TVBS網©TVBSMediaIncAllRightsReserved台北市內湖區瑞光路451號|聯利媒體股份有限公司韓劇相關報導懶人包照片影片評價爭議負評缺點PTTdcard|ETtoday雲　|手機版|APP|歷史活動|歷史專題|會員中心|家外媒體　FBIGRSSweibo最新熱門播吧專題精彩專題視覺說故事爽快看料理之王2新冠肺炎特別報導2021ET即賞屋小人物大故事ME桑造風的男人｜為世界打造看專題熱門活動ETtoday一起為選手加油　天天集氣好禮抽抽送ᴺᴱᵂ慧眼看天下聲林之王官方網站政治社會華娛韓流電視音樂電影生活消費探索3C家電氣象美洲要聞東南亞要聞日韓要聞慧眼看天下大陸軍武華聞特派現場雲視頻財經投資理財財經最新頂尖企業金融保險股匯行情直銷雲論醫藥兩性飲食百科檸檬中職直播中職棒球MLB籃球綜合足球時尚名人時尚奢逸潮流美麗生活房產車雲寵物寵物好萌寵物百科動物熱搜特惠眼霜特惠唇筆看電影民調雲法律雲愛心雲恩典雲保險雲遊戲雲行銷雲ETtoday熱搜關鍵字韓劇韓劇網票選四對最喜歡的韓劇螢幕情侶　最甜CP玄彬孫藝珍竟沒上榜韓劇中的戀愛情節總是特別印象深刻常常會看到少女心朵朵開很多經典作品中的螢幕情侶就算過了多年還是讓人難忘近日韓網就票選出四對最喜歡的韓劇螢幕情侶《愛的迫降》中假戲真做的玄彬孫藝珍CP都還排不進去快來看看上榜的有哪幾對吧202107041423《我是遺物整理師》感動人心　李帝勳與陳俊翔飆戲　更見AS特質與優勢韓劇《MovetoHeaven我是遺物整理師》總共10集故事以以原本由父子一起經營的遺物整理公司父親死亡後將亞斯伯格症的兒子韓可魯交付給自己的弟弟當兒子的監護人的故事本劇用可魯的推理能力整理出死者生前的期盼有脈絡的傳遞給遺族202106230000盤點《我的上流世界》超寫實金句能成為不懂事的大人是一種特權近期火熱的韓劇《我的上流世界》講述上流世界勾心鬥角的狗血題材跟上了同樣大勢的《Penthouse上流戰爭》身世之謎與外遇糾隔由李寶英金瑞亨主演反轉又大快人心的復仇戰以及華麗的細膩刻劃在光鮮亮麗的財閥世家中每個人都懷抱著自己的秘密與謊言為大家盤點《我的上流世界》10句令人深思的劇中金句一語道破對於生存婚姻慾望的真實定義202106222126《上流戰爭3》狗血婚紗照　金素妍羽毛裙挖空至臀上辣翻韓劇《Penthouse上流戰爭》第三季熱播收視亮眼女星金素妍飾演惡女千書真讓觀眾看得過癮而她與頂樓主人朱丹泰嚴基俊飾的愛恨糾葛還沒結束這回官方又公開了兩人的親密婚紗照金素妍一連換上多套華麗禮服與嚴基俊相依偎掀起粉絲驚呼好狗血202106191440韓素希宋江情侶裝同框顏值破表深V美胸搶走男神風采韓素希韓韶禧與宋江主演新劇《無法抗拒的他》於今18日舉辦線上發佈會兩人合作早已受到外界矚目此次終於同框撒糖韓素希以精緻巴掌臉亮相身穿深V白色洋裝展現女神氣息宋江則是換上帥氣黑色西裝在旁造型相較過往成熟不少顏值破表的合體成功製造話題202106181730金正恩不准妳叫歐巴　怕韓流入侵北韓女性要稱男友同志北韓朝鮮領導人金正恩為鞏固金氏王朝對人民的控制力道近幾個月來幾乎天天透過官媒譴責非社會主義的影響尤其針對走私或持有南韓的影劇與KPOP音樂更是嚴令懲罰現在更有外媒取得外流的官方指出金正恩不准北韓女性叫男友歐巴오빠而是應該稱呼為同志동무202106121606《上流世界》李寶英貴婦行頭揭秘　PRADA洞洞裝Coé包全到齊由李寶英金瑞亨出演的韓劇《我的上流世界》獲得高度關注除了灑狗血的驚悚劇情劇中李寶英的貴婦造型更是引發話題不僅從頭到腳精品加持穿著PRADA洞洞裝Blumarine豹紋花卉拼接長洋裝宛如百變服裝秀讓觀眾看得過癮202106101640《我是遺物整理師》金句一樣的東西有人看到愛有人看到恨近日由李帝勳唐俊尚以及池珍熙等人領銜主演的超夯熱播韓劇《我是遺物整理師》全劇共十集已上架於影音串流平台Netflix上劇情罕見的取材自殯葬產業透過亡者的遺物來悼念理解逝者的一生身為遺物整理師的責任就是要藉由各種遺物來傳達那些來不及說出口的愛與故事202105280003韓星拍戲一半突宣布下車韓媒挖出真相性騷工作人員慘遭換角韓星捲入爭議遭換角時有所聞但拍一半沒理由的下車指離開的較少見最近韓媒便爆出有一名演員正在拍新劇戲劇都快要播出前突然被換角挖出真實原因竟然是性騷工作人員雖然尚未播出但得找替補演員全都重拍害慘劇組202105081835《文森佐》15個寫實戳心黑道金句最殘酷的煉獄是我已經開始想念她了由宋仲基飾文森佐卡薩諾與全汝彬飾洪車瑛主演的韓劇《黑道律師文森佐》開播期間幾乎佔據Netflix熱播第一名近日正式完結迎來高收視與粉絲們的掌聲不捨整齣戲劇有笑有淚也有充滿社會寫實的一面以下就一起來回顧15個讓人難忘的黑道金句202105052202《上流戰爭》雙胞胎超狂時尚照親密Pose連發　網驚絕配韓劇《Penthouse上流戰爭》第三季即將在６月播出熱度始終居高不下其中飾演雙胞胎兄妹碩勳碩景的演員金永大和韓智賢在戲外也紅到登上南韓雜誌封面兩人拋開兄妹包袱不僅親密相擁擺拍且造型前衛時尚表現力十足引發網友熱議被清雅藝高耽誤的模特兒202104222040宋仲基穿西裝帥氣回歸《黑道律師文森佐》以惡止惡　伸張無賴正義稱霸近期Netflix的韓劇《黑道律師文森佐》由《太陽的後裔》《軍艦島》的宋仲基與《打架吧鬼神》2PM的成員玉澤演領銜主演劇情講述為逃避黑手黨追殺因此逃到韓國的黑手黨顧問文森佐偶然結識洪車瑛律師後兩人一同經歷了人性黑暗的邪惡202104221657《朝鮮驅魔師》嚇壞中資　這部新韓劇全刪中國廣告古裝韓劇《朝鮮驅魔師》因為出現中國元素被認為扭曲歷史遭到韓國網友成功抵制下架這起事件也讓中方投資人十分緊張據韓媒《亞洲經濟》13日報導稱中國製作方愛奇藝多方考量後決定刪除新韓劇《我的室友是九尾狐》裡面中國產品置入的廣告202104151251《上流戰爭》朱碩景仙女畫報曝光換清純洋裝認不出　網美翻韓劇《Penthouse上流戰爭》第二季剛剛完結收視更是不斷創新高也讓劇中演員爆紅其中飾演朱碩景的女星韓智賢將大小姐形象演得恰到好處戲外她也接下了雜誌封面拍攝跳脫劇中的惡女氣質而是換上頗具仙氣的洋裝擺拍讓粉絲見識到與眾不同的一面直呼朱碩景脾氣好一點根本是仙女202104051330《上流戰爭》金素妍淡妝美翻戲外超大反差氣質長裙露S曲線韓劇《Penthouse上流戰爭》播出至第二季仍引發高度關注其中飾演千書真的女星金素妍近期拍攝的時尚畫報出爐不同於劇中的濃妝惡女形象以超淡妝彰顯精緻五官搭配氣質長洋裝出鏡果真營造出超強反差引發網友驚呼淡妝也好美202103280603韓劇出現中國月餅　韓網友批賣國請願青瓦台韓劇《朝鮮驅魔師》史上最短命電視劇才剛播放兩集因為被韓國觀眾投訴歪曲歷史遭到抵制到停止製作連夜下架贊助商緊急撤資製作方電視台紛紛道歉最終原因竟然是劇中出現中國的月餅皮蛋及服裝202103271749宋慧喬離婚後首度回歸確定演出《正在分手中》搭檔張基龍再譜姐弟戀39歲的韓劇女神宋慧喬前年結束不到2年的短暫婚姻之後曾表示暫時不會接拍新作品想休息一段不過SBS電視台10日表示演員宋慧喬張基龍金柱憲崔嬉序將出演新劇《現在正在分手中》202103242105圖多／《文森佐》義大利場景全是CG　宋仲基藍幕前獨演對手戲韓劇《黑道律師文森佐》第一集就有超大排場和美麗的義大利建築尤其放火燒掉整片田的場面更是浩大tvN最新曝光的幕後影片中就放出了CG的前後對比影片許多觀眾看了才知道原來義大利的場景全都是後製的202103130924北韓掃蕩韓流年輕人看韓劇學叫歐巴　當局硬起來罰到底北韓朝鮮自從去年底制定《反動思想文化排擊法》後宣布強力掃蕩南韓影視文化殘留的語言使用習慣當局表示若隨意散播南韓影劇最重恐處死刑收看者則最重判15年徒刑黨務機關報近日發表報導呼籲民眾維持使用正統平壤話的習慣抵制文化侵略其實有年輕的脫北者坦承近年來北韓年輕人的語言習慣的確混入許多時下南韓年輕人使用的流行語202103081749《MOUSE》太血腥暴力觀眾擔心童星狀況　金康勳母曝側拍片回應南韓戲劇《MOUSE》由於涉及暴力血腥和心理變態等劇情除了以限制級分級播出外還在開演前以字幕方式告知童星拍攝過程中都有接受心理諮商是很安全的狀態即使如此觀眾看完還是覺得太可怕且擔心對此擔任其中一角的童星演員金康勳媽媽特別發文202103051202熱門18歲女舞者沒穿安全褲劈腿尷尬大走光童仲彥嗆最美性博士可以多交流《名偵探柯南》25年結局確定了印度神童再預言警告3件事疫情反撲冷氣29度竟吹到流鼻水　內行曝1絕招不當r了愛莉莎莎考到證照徹底轉行跟女友吵架高雄男假裝跳河下秒跌進大排送醫不治爭蘇打綠商標　魚丁糸挨告結果出爐疫苗接種卡被打槍　他打2劑AZ入境遭隔離14天即／台中20多歲紅茶男小7買試劑自檢確診日男尬6妹還一起洗澡睡覺正宮超淡定即／不只中友百貨一中商圈也有確診足跡女見男網友竟猝死父心碎要公道即／北市某公園驚見男子上吊　警封鎖現場調查中快訊／今增31本土病例另增6死最夯影音醫護採檢到一半全身癱軟被扛走烈日穿兔寶寶裝他用生命作戰被喊張菲媳婦8年遭酸為錢結婚　翁馨儀不忍了我不靠公公而活陳意涵想撮合張鈞甯阮經天他秒拒別鬧了　50歲之約曝光大發為身材先救小天ＸＤ撿遺失物送警局男子等20分鐘　問一句遭嗆那你可以別撿東西他大街上大喊老婆我買鹹酥雞　鄰居們熱情回應網誤會大了XD熱門快報《料理之王2》火熱每周五晚間9點鎖定《料理之王2》王者爭霸精采上菜請勿錯過四年一度地表上最強賽事看這裡ETtoday與你一起為選手加油最即時最多元最豐富的全在這裡各路專家即時開箱賞屋掌握房市第一手消息專家實境開箱賞屋分析帶你一探究竟北中南房市不能錯過的最新資訊都在這雲APP要你隨便花2020年尾神加碼看送購物金和咖啡再讓你用東森幣瞄準萬元獎品東森寵物險毛孩健保寵物雲唯一推薦不限醫療次數免自負額汪喵星人嚴選寵物險【有獎】寫出疫情下的心聲疫情重創經濟中小企業面臨倒閉醫療崩壞在即在動盪中寫出屬於你的故事7月線上寵物展滿額送好禮72715毛毛商城線上寵物展開跑貓狗飼料全面特價滿額再送價值699元限量好禮台北捷運廣告刊登ETtodayNo1的廣告代理商精彩案例搶先看我要投稿人才招募我們集團簡介廣告刊登合作提案客服信箱合作媒體Site服務著作權聲明免責聲明RSS訂閱東森新媒體控股股份有限公司ETtoday雲版權所有非經授權不許轉載本網站©ETtodaynetAllRightsReserved電話+886255556366回到最上面foryoustarborderCOVID19··【KSD評分】由韓星網讀者評分《你是我的春天》只是播了2集就來到TOP3ampYahoo奇摩8小時前bookmarkbordersharemorevert能和韓星有進一步關係知名男團曝真實工作情況amp三立網Setncom昨天bookmarkbordersharemorevert孝道韓星榜︱GDBIGBANG送父母10億渡假屋39歲韓劇男神登冠amp香港012天前bookmarkbordersharemorevert韓星搶打疫苗Rain大曬手臂謝醫護amp中時網6月12日bookmarkbordersharemorevert韓星私服都穿LogoTIU的櫻桃短T太可愛Jennie同款只要千元|ETFashion|ETtoday雲ampETtoday5天前bookmarkbordersharemorevert快訊／韓星金聖圭10日才打疫苗今宣布確診停工ampYahoo奇摩6月27日bookmarkbordersharemorevertYoutube公開上半年韓星排名BTSBLACKPINK幾乎包辦前10amp自由電子報iStyle時尚美妝頻道5天前bookmarkbordersharemorevert《二分之一強》韓星姜勳結婚了甜娶女孩我一生中最珍貴的禮物ampYahoo奇摩6月19日bookmarkbordersharemorevert韓星太妍韓智賢都愛穿的Maje前進南啦插旗高雄漢神百貨5件女星同款服飾全搜羅ampMarieClaire美麗佳人2天前bookmarkbordersharemorevert韓星帶頭打疫苗天王喜曝接種近況ampYahoo奇摩6月11日bookmarkbordersharemorevert坎城影展公布評審團陣容韓星宋康昊成唯一亞洲代表哈燒日韓中時坎城影展公布評審團陣容韓星宋康昊成唯一亞洲代表amp中時網Chinatimescom6月24日bookmarkbordersharemorevert影／韓星跨海捐30萬助防疫暖心喊就只是愛ampYahoo奇摩3天前bookmarkbordersharemorevert王傳一超帥正韓星師弟曝光愛上文化來台發展ampYahoo奇摩4天前bookmarkbordersharemorevert韓星YT頻道含金量公開第1名才開半年一支片收益170萬ampETtoday星光雲6月24日bookmarkbordersharemorevert中韓星各施其法消費券背後的施政思維amp香港013天前bookmarkbordersharemorevert立陶宛外長規劃台韓星設代表處amp自由時報電子報8天前bookmarkbordersharemorevert編劇不斷誘惑韓星徐玄振上當答應做這件事ampNOWnews今日5天前bookmarkbordersharemorevert溫昇豪曬大咖韓星合照多年交情曝對方很想他ampYahoo奇摩6月25日bookmarkbordersharemorevert韓星排隊打疫苗Rain搶頭香曬照ampYahoo奇摩6月14日bookmarkbordersharemorevert韓星勝利案︱檢方求刑5年勝利否認介紹賣淫辯稱短訊打錯字amp香港019天前bookmarkbordersharemorevert宋江《無法抗拒的你》被批演技差10個有顏值但沒演技的新晉韓星｜今日韓國amp香港0114小時前bookmarkbordersharemorevert根本韓星林大鈞年輕帥照曝光網驚好像Rainamp自由5天前bookmarkbordersharemorevert韓星惠利長年維持勻稱身材僅靠3+2保養秘訣ampYahoo奇摩6月21日bookmarkbordersharemorevert演技差資源卻逆天的韓星《無法抗拒的他》宋江根本資源帝她演技池晟曹政奭救不了ampBEAUTY美人圈6月30日bookmarkbordersharemorevert朴敘俊加盟漫威《驚奇隊長》進軍好萊塢7位韓星《陰屍路》史蒂芬元知名度最高|Bellatw儂儂ampBella儂儂6月16日bookmarkbordersharemorevert2021韓星IG追蹤人數排名TOP20IU排11只有一個演員擠身10強｜今日韓國amp香港016月16日bookmarkbordersharemorevert韓星屋企裝修鬥浮誇︱孫藝珍坐近27萬梳化GD竟然只排第三名amp香港016月22日bookmarkbordersharemorevert李敏鎬34歲生日曬萌照IG粉絲榮登韓星之冠amp自由6月22日bookmarkbordersharemorevert《爸爸去哪兒》韓星國二兒抽高186cm近況曝光修長細腿驚呆網ampETtoday星光雲8天前bookmarkbordersharemorevert一秒變韓星鳳梨曝這樣做和車銀優差不多帥網答案竟一面倒amp自由6月29日bookmarkbordersharemorevert2021韓星私服LogoT恤推薦Jennie泫雅都愛CK這款更是千元有找ampBEAUTY美人圈6月28日bookmarkbordersharemorevert專題韓星知名度升朴敘俊《驚奇2》搭布麗拉森amp自由6月20日bookmarkbordersharemorevert跟著韓星學拍照技巧惠利43拍照法一秒顯瘦IU這樣拍瞬間變九頭身ampMSN7天前bookmarkbordersharemorevert2021韓星護唇膏推薦Jisoo同款Dior粉嫩又保濕男神金宣虎BTS用這款ampBEAUTY美人圈7天前bookmarkbordersharemorevert2021韓星私服精品包推薦太妍孫藝珍秀智都在背高允貞同款包更是網賣翻ampBEAUTY美人圈6月21日bookmarkbordersharemorevert韓星曾出道流產打歌沒觀眾禹真榮工作撞鬼會一路發ampNOWnews今日6月24日bookmarkbordersharemorevert金鍾國健身片六天破770萬點撃韓星廣告收入排行公開amp香港016月23日bookmarkbordersharemorevert為什麼瑞士手錶都只找韓國明星做代言3件事讓你看懂高端精品產業是如何收買人心ampGQTaiwan昨天bookmarkbordersharemorevert金希澈MOMO公開戀情一年半後分手13對分開令人超可惜的韓星CP｜今日韓國amp香港012天前bookmarkbordersharemorevert佳人BrownEyedGirls被揭非法打牛奶針10個吸毒韓星近況公開｜今日韓國amp香港018天前bookmarkbordersharemorevert美英日韓星皆居家快篩ampUDN聯合網6月13日bookmarkbordersharemorevert牙醫老公高顏值激似韓星王思平斜槓設計師拍廣告ampETtoday星光雲6月24日bookmarkbordersharemorevert【經緯線本周提要】中大教授設計特色衣著盼打破性別定型ampnow9小時前bookmarkbordersharemorevert遭列密切接觸者韓星宋仲基隔離中amp華視8天前bookmarkbordersharemorevert疫情重創台日韓星副業他成受災戶ampYahoo奇摩6月15日bookmarkbordersharemorevert【KSD評分】由韓星網讀者評分如無意外《機智醫生生活2》可以到播畢的那個星期都是TOP1ampKSD韓星網7天前bookmarkbordersharemorevert韓星第一人李炳憲受邀坎城影展頒獎amp自由9天前bookmarkbordersharemorevert《韓星挺進好萊塢》朴敘俊驚奇攻美馬東石尬戲裘莉amp自由6月21日bookmarkbordersharemorevertIU這樣穿太美了韓星都愛上棒球帽洋裝穿搭術只需掌握一關鍵|ETFashion|ETtoday雲ampETtoday6月14日bookmarkbordersharemorevert韓星簽名會防疫新招粉絲不能開口用掌聲代替尖叫聲TVBS網ampTVBS6月18日bookmarkbordersharemorevert【KSD評分】由韓星網讀者評分《機智醫生生活2》只播了一集就來到TOP1了ampKSD韓星網6月19日bookmarkbordersharemorevertBTOB前成員鄭鎰勛被判入獄ampKSD韓星網6月10日bookmarkbordersharemorevertVICTON韓勝宇入伍在即新專輯實體演出陸續登場ampKSD韓星網6月26日bookmarkbordersharemorevert陸版韓星IU爆偷吃閨密男友恐怖黑歷史遭網起底酸修修臉amp中天電視6月15日bookmarkbordersharemorevert3年前因和粉絲交往退出NFlying權光珍曝喜訊準備結婚了ampETtoday星光雲昨天bookmarkbordersharemorevert看韓劇挑墨鏡《我是遺物整理師》李帝勳與《大發不動產》張娜拉的選擇是它amp鏡週刊昨天bookmarkbordersharemorevert李聖經朴敘俊餅乾鞋掰了深夜宣布出清撤出amp三立網9天前bookmarkbordersharemorevert接棒老婆李寶英《我的上流世界》池晟新戲《惡魔法官》以惡制惡amp鏡週刊9天前bookmarkbordersharemorevert金秀賢劇酬較金喜愛多6倍ampMSN6月20日bookmarkbordersharemorevert李光洙下車後《RunningMan》是否引進新成員擔當PD回應以後有考慮但現階段沒有ampYahoo奇摩6月9日bookmarkbordersharemorevert專訪／職籃秀智Ariel醜小鴨血淚逆襲美貌撞臉3韓星ampNOWnews今日6月22日bookmarkbordersharemorevert【寶寶大過天】龔慈恩細仔加拿大貴族中學畢業兒子擁韓星外表兼文武雙全香港經濟日報TOPick親子Band1學堂海外升學amp香港經濟日報TOPick6月23日bookmarkbordersharemorevert捲性侵酒駕男星爆在家試圖輕生上傳全黑圖留告別訊息amp三立網Setncom6月15日bookmarkbordersharemorevert多位韓星遭點名為校園霸凌加害者《驅魔麵館》趙炳圭《梨泰院》金東希朴慧秀新劇也受牽連amp哈潑時尚3月4日bookmarkbordersharemorevert10位演校園男神的韓星黃寅燁看不出30歲了李鐘碩根本標準學生專業戶ampBEAUTY美人圈5月18日bookmarkbordersharemorevert26歲韓星確診新冠肺炎隔離ing拍檔宋江韓素希採陰不停工｜蘋果網｜蘋果日報amp蘋果日報5月31日bookmarkbordersharemorevert韓星金志洙認拍性愛片霸凌跪下道歉沒有辯解的餘地|amp新頭殼3月4日bookmarkbordersharemorevert韓星居家隔離竟確診新冠肺炎網憂車銀優李昇基恐遭感染amp鏡週刊4月28日bookmarkbordersharemorevert資源好到爆的勞模韓星盤點金永大宋江李到晛根本霸屏演員潤娥存貨待播劇驚人ampBEAUTY美人圈6月4日bookmarkbordersharemorevert韓星拍戲一半突宣布下車韓媒挖出真相性騷工作人員慘遭換角ampETtoday星光雲5月8日bookmarkbordersharemorevert南韓爆惡霸瘋行演藝圈2021捲入校園霸凌爭議的十大韓星|噓星聞ampudn噓星聞3月4日bookmarkbordersharemorevert韓網調查2020年10大最受歡迎韓星《愛的迫降》CP雙雙入榜amp香港013月26日bookmarkbordersharemorevert90年代當紅韓星李知恩被發現家中身亡警方建議驗屍ampNOWnews今日3月9日bookmarkbordersharemorevert韓星家底排行︱BLACKPINK出兩大千金有人為追夢放棄酒店繼承權amp香港015月1日bookmarkbordersharemorevert偶像也有迷妹日常6組追星成功韓星Lisa上節目告白孔劉還有她直接跟偶像變同事ampBEAUTY美人圈1月24日bookmarkbordersharemorevert韓星李帝勳挑戰遺物整理師美食想到快發瘋amp中央社即時5月17日bookmarkbordersharemorevert《通往機場的路》韓星中鏢申成祿確診新冠【202104281813報導】amp中廣網4月28日bookmarkbordersharemorevert原來現在韓星都在瘋rosaK的迷你托特包泫雅Jessica李是英李周延等韓妞幾乎人手一個ampVOGUE時尚網5月3日bookmarkbordersharemorevert戲還在播卻傳猝逝惡耗韓星千靜荷享年52歲amp鏡週刊4月29日bookmarkbordersharemorevert韓星代言魅力繼續熱燒Celluver香縷X黃寅燁CLIO珂莉奧XStrayKidsX高旻示ampMarieClaire美麗佳人4月7日bookmarkbordersharemorevert網議最不想聽到他閃婚的韓星孔劉狂被提名IU朴寶劍閃婚網會心碎網對玄彬最矛盾ampBEAUTY美人圈5月29日bookmarkbordersharemorevert丁海寅唔認得RM冬菇蓋頭成黑歷史15個韓星出道前後差很大｜今日韓國amp香港011月25日bookmarkbordersharemorevert春風與超大咖韓星同框時隔2年PO照不知道過得好不好ampETtoday星光雲5月19日bookmarkbordersharemorevert8位韓星手機殼盤點車銀優手機殼反差萌IU孫藝珍愛用極簡風韓素希手機殼最文青ampBEAUTY美人圈5月21日bookmarkbordersharemorevert快訊／韓星李知恩陳屍家中準備驗屍確認死因ampYahoo奇摩3月8日bookmarkbordersharemorevertIrene爆耍大牌辱罵黑粉迎面撲來20大深陷人品差爭議的韓星ampDailyView網路溫度計2020年10月27日bookmarkbordersharemorevert最有愛韓星夫婦Rain金泰希結婚四年只排第5名amp香港016月1日bookmarkbordersharemorevert中國藝人自誇祖國連續20天無本土案例韓星露出匪夷所思神情引發討論上報amp上報6月3日bookmarkbordersharemorevert玄彬孫藝珍戀情是真的韓星圈熱議元旦情侶夢幻誕生ampMarieClaire美麗佳人1月1日bookmarkbordersharemorevert韓星第一個確診請夏首談內心想法自責好像都是我的錯amp新頭殼2月24日bookmarkbordersharemorevert勝利涉嫌仲介性交易證人改口了是由朴韓星老公指使ampETtoday星光雲2020年11月24日bookmarkbordersharemorevert演過《無聲》《信號》《鬼怪》年僅16歲的金玄彬成為史上第一位入圍金馬獎的韓星｜女人迷Womany演過《無聲》《信號》《鬼怪》年僅16歲的金玄彬成為史上第一位入圍金馬獎的韓星amp女人迷womany2020年12月18日bookmarkbordersharemorevert日韓星代言兩樣情新垣結衣李鍾碩遭小粉紅圍剿玄彬巧妙閃過｜蘋果網｜蘋果日報amp蘋果日報4月25日bookmarkbordersharemorevert金秀賢到場打氣IU李準基收粉絲心意韓星應援餐車其實很便宜ampETtoday星光雲4月17日bookmarkbordersharemorevert離婚像要了我的命73歲韓星尹汝貞勇奪奧斯卡渣男前夫鬆口外遇是我的錯ampYahoo奇摩4月28日bookmarkbordersharemorevert韓星教練不藏私傳授躺著2招練核心瘦腰平小腹超有感amp早安4月28日bookmarkbordersharemorevert打敗宋仲基孫藝珍2021韓國演員熱搜榜TOP10出爐冠軍讓網友全跪了ampYahoo奇摩5月21日bookmarkbordersharemorevert2021韓星古裝／時裝對比俞利金裕貞韓服古裝簡直美成仙金所泫權娜拉好可惜ampBEAUTY美人圈5月5日bookmarkbordersharemorevert韓國票選越來越有氣質的韓星Top8玄彬金秀賢都敗給他｜今日韓國amp香港012020年11月11日bookmarkbordersharemorevert《模範計程車》李帝勳潘瑋柏真的好像台韓明星大撞臉林俊傑和她相似度87%超鬧ampBEAUTY美人圈5月3日bookmarkbordersharemorevert找不到結果韓劇相關自由時報電子報自由時報電子報為達最佳瀏覽效果建議使用Firefox或MicrosoftEdge的瀏覽器請至Edge官網請至FireFox官網請至官網即時熱門政治社會生活蒐奇影音財經汽車時尚3C評論玩咖食譜地產專區TAIPEITIMES求職爆Search自由電子報自由影音即時熱門政治社會生活蒐奇財經汽車時尚3C評論玩咖食譜地產專區服務自由電子報APP自由電子報粉絲團自由電子報Line熱門新訊　　關鍵字　　韓劇韓劇相關202107091806《她很漂亮》黃正音不離婚了時隔1年成功復合年收30億老公曾主演韓劇《她很漂亮》《雙甲路邊攤》的36歲韓國女星黃正音去年9月宣布與年收30億韓圜約台幣8000萬元企業家老公離婚而今9日傳出喜訊夫妻經過法院調解後決定重修舊好韓媒《OSEN》則202107081830影音《機智醫生2》羽朱超萌舉動神同步曹政奭網友笑翻逐漸翊晙化南韓夯劇《機智醫生生活2》近日於官方Youtube頻道公開最新一集幕後花絮曹政奭劇中兒子羽朱久違登場再度萌翻網友片中劇組眼尖發現兒子羽朱和爸爸曹政奭相處一年以來連平時舉動都越來越相似讓網友202107081555徐玄振《春天》造型挨批史上最難看韓網直呼好像貴賓狗有南韓浪漫喜劇女王之稱的女星徐玄振主演新劇《你是我的春天》於近日首播觀眾普遍對劇情給出正面評價不料女主角徐玄振劇中漸層棕色大波浪捲髮卻相當不受韓網青睞更有網友不留情狠批我覺得這是徐玄振202107081240《梨泰院》女星素顏遭譏該化妝霸氣反擊酸民韓網讚爆南韓29歲女星李周映去年演出韓劇《梨泰院Class》變性人角色成功開啟知名度又帥又美的形象收穫大批死忠粉絲沒想到昨7日她在個人IG上發出素顏新照引來酸民留言但李周映不甘示弱霸氣回嗆酸民202107061506影音宋江戲外更懂撩曖昧狂摸韓韶禧韓網嗨翻關係不單純韓劇《無法抗拒的他》正在熱播中即使收視率屢創新低仍擋不住男主角宋江與女主角韓韶禧的超高話題度昨5日劇組在官方頻道公開最新一集幕後花絮片中宋江與韓韶禧沒有停過的曖昧接觸引發韓網熱議讓網友心202107051839《機智醫生2》曝出超真實婦產科情節韓網入戲氣炸真的有這種人韓國夯劇《機智醫生生活2》最新一集在婦產科的橋段意外受到韓網熱烈討論女星安恩珍飾演的婦產科醫生遇上陣痛近4小時幾乎昏迷的危急產婦在取得家屬同意剖腹產時產婦老公及婆婆堅持自然產的荒謬理由讓韓202107051504申世景成IU唯一同門揮別17年老東家韓網嗨期待合作南韓30歲女星申世景主演過多部韓劇《奔向愛情》《新入史官丘海昤》《河伯的新娘》等受到喜愛而今5日她傳出揮別過去合作17年的老東家NamooActors與人氣女星IU所屬經紀公司EDAM娛202106301932韓智慧產後迎38歲生日曬愛女超萌笑容網融化跟媽媽好像韓國38歲女星韓智慧出演過多部經典韓劇《新娘18歲》《伊甸園之東》《麻雀變鳳凰》等擁有大批死忠粉絲與檢察官老公在23日喜得愛女的她在個人IG上分享了月子中心的38歲慶生照和出生剛滿一週的女202106301727《月升之江》男星鼻骨慘遭重擊延誤2個月急開刀哀嚎吸不到空氣南韓男星李知勳出演韓劇《月升之江》人氣攀升然而昨29日韓媒報導他在當天進行了鼻骨手術經紀公司相關人士透露這次傷勢為年初拍攝《月升之江》的後遺症當時拍攝鼻骨意外受到重擊但因劇集趕拍而延誤治202106271652影音《謗法》續集登大銀幕嚴志媛鄭知蘇回鍋再戰咒殺神祕人去年播出的恐怖驚悚韓劇《謗法》曾創下67%的高收視率超高人氣讓這部收視黑馬續集轉戰大銀幕近日片商CJENMMovie公開了電影版《謗法在此矣》的最新飾演正義記者的女主角嚴志媛與善良202106211628朴敏英跨越8歲年齡差與宋江大談辦公室姊弟戀曾在3月收到新劇《氣象局的人們社內戀愛殘酷史》提案的南韓女星朴敏英和Netflix兒子男星宋江今21日確定合作消息主演陣容包括演員朴敏英宋江尹博Yura等將攜手帶來首部以氣象局為202106201654最強小三新戲首播評價兩極男主角宋江演技被吐槽好油由韓劇《夫婦的世界》最強小三韓韶禧和Netflix兒子男星宋江合作主演新劇《無法抗拒的他》昨19日首播海內外觀眾反應兩極韓國網友對於宋江的演技相當不滿意海外網友則非常期待這對高顏值202106201220《九尾狐》收視低迷韓網曝關鍵原因批看不下去了韓星張基龍與惠利主演韓劇《我的室友是九尾狐》已播至中段劇情然而收視率從第一集的53%開始下滑第七集更到最低點32%第八集才小幅回升止血南韓網友則對此展開熱烈討論然而超過半數的留言都批評主202106181718《機智醫生2》首播破紀錄曹政奭搞笑致敬星際戰警網讚爆導演太神南韓夯劇《機智醫生生活》第二季昨17日首播大獲好評突破tvN電視劇開播首集收視紀錄其中曹政奭搞笑致敬《星際戰警》片段引發熱烈討論由於距離上季拍攝已時隔1年飾演曹政奭兒子羽朱的童星明顯成202106151238《九尾狐》張基龍對手來了惠利再次遇上《請回答1988》初戀的他韓星張基龍與惠利主演奇幻新劇《我的室友是九尾狐》正在熱播中近日電視台tvN公開了最新劇照男星高庚杓驚喜客串此劇2015年曾與女主角惠利合作過韓劇《請回答1988》的他過去劇中更是惠利的初戀對象《〈123〉》2021年7月10日星期六辛丑年六月初一日熱門紓困再加碼投保薪資24萬元以上勞工有條件領1萬元7022萬劑疫苗來了接種順序時程線上預約方式一次看各地微解封措施一次看全台僅花蓮縣餐飲可內用號稱比擬F35中國製戰機在市場踢到鐵板福原愛離婚江宏傑財產細節曝光將瓜分120坪豪宅熱門新訊信義房屋與醫界社造界推全台一家青年局助青年在家找工作上千職缺宅面試AI語音取代真人客服0800用講的嘛ㄟ通ALLNEWFIT融合用之美完美演繹移動簡約美學熱門關鍵字即時熱門政治社會生活蒐奇影音財經汽車時尚3C評論玩咖食譜地產專區TAIPEITIMES．廣告．熱門新訊．發票．樂透．徵才．RSS．我們．聯絡我們．著作權聲明．　．訂報．投稿．聯邦文教基金會．林榮三文學獎．聯邦銀行．瓏山林台北中和飯店．瓏山林蘇澳冷熱泉度假飯店．自由廣場會議中心．yes123求職網自由時報版權所有不得轉載©2021TheLibertyTimesAllRightsReserved此已閒置超過5分鐘請點擊透明黑底或右下角Ｘ鈕熱門推播鏡頭大一圈蘋果新iPhone實機外觀3點不同馬祖地區餐廳小吃店26日前禁止內用只准外帶太誇張草爺爆20人群聚認錯道歉依法處理工人脫口罩吃蛋餅要噴3千高市衛生局不罰北市逆時中開放公托黃珊珊工作人員打完疫苗後預計719解封各地微解封措施一次看全台僅花蓮縣餐飲可內用桃園100噸吊車重心不穩傾倒高高翹起奇景引民眾注目日職》雙安配勝利打點吳念庭率隊中止5連敗影音三級警戒延長各地微解封措施一次看台南彰化也禁餐飲內用不斷更新結束在台15年銷售ToyotaPrius等待大改款回歸韓劇|標籤|聯合網聯合報數位版願景工程橘世代有設計售票網有行旅我的即時要聞運動全球社會產經股市房市生活文教評論兩岸數位Oops閱讀雜誌500輯橘世代轉角NBA時尚汽車棒球遊戲鳴人堂專題U值網誌購物全產品速覽評論聯合網願景工程聯合報數位版轉角鳴人堂倡議家時事話題世界日報服務會員中心U利點數我的歷史活動專區udn粉絲團udnline好友股市理財經濟日報網房地產基金中經社樂透發票生活噓星聞優人物udnSTYLE500輯遊戲角落發燒車訊元氣網橘世代運動NBA野球夢田運動筆記健行筆記閱讀創作讀書吧讀創故事udn部落格u值媒體聯合文學聯經出版聯文雜誌文創購物數位文創IP授權瘋活動售票網買東西報時光產品聯合知識庫聯合電子報聯合影音網聯合學苑有行旅APP行動網P訂閱刊登廣告FAQ·客服授權服務·著作權·隱私權聲明聯合報系訂報紙我們網站總覽聯合線上公司著作權所有©2020我的頻道拖拉選單自訂排序儲存恢復預設確定加入橘世代VIP富活人生下半場即時要聞快訊		水電工脫口罩吃蛋餅被開3千元罰單高雄衛生局因這理由不罰了2003韓劇懵智孝本色藏不住宋智孝美艷魔女形象一秒破功宋智孝接下全新韓劇來魔女食堂吧挑戰奇幻劇美艷魔女展現與RunningMan中截然不同的形象但她懵智孝本色藏不住今天在記者會上得知道具餐桌價值數千萬韓圜時當場傻眼說出我不曉噓星聞20210709210602懵智孝本色藏不住宋智孝美艷魔女形象一秒破功宋智孝接下全新韓劇來魔女食堂吧挑戰奇幻劇美艷魔女展現與RunningMan中截然不同的形象但她懵智孝本色藏不住今天在記者會上得知道具餐桌價值數千萬韓圜時當場傻眼說出我不曉udnSTYLE20210709210602姜河那李裕英《Insider》爆工作人員確診新冠肺炎　拍攝全面中斷韓劇《Insider》拍攝現場出現新冠肺炎COVID19確診患者拍攝全面中斷8日演藝界相關人士向韓媒表示JTBC新劇《Insider》拍攝現場的一名工作人員被確診為新冠肺炎患者因此噓星聞20210709150251姜河那李裕英《Insider》爆工作人員確診新冠肺炎　拍攝全面中斷韓劇《Insider》拍攝現場出現新冠肺炎COVID19確診患者拍攝全面中斷8日演藝界相關人士向韓媒表示JTBC新劇《Insider》拍攝現場的一名工作人員被確診為新冠肺炎患者因此udnSTYLE20210709150251浪漫愛情劇女神回來了《你是我的春天》徐玄振美肌亮到發光　30+細緻保養法大公開這個月開播的《你是我的春天》大家都看了嗎不少人以為這是一部清新療癒愛情劇沒想到我們都被預告畫報給騙了這部韓劇集結了《又吳海英》《愛上變身情人》徐玄振《與神同行》金東旭《產後調理院》尹博udnSTYLE20210709131652APP播盜版韓劇W兩個世界歐酷網董事長有罪定讞歐酷網路董事長劉于遜推出電視連續劇APP讓使用者連結到外部網站觀看熱門韓劇W兩個世界任意依戀被正版授權業者提告一審無罪但二審逆轉判劉2月徒刑得易科罰金最高法院駁回上訴定讞社會20210706123409一看劇本就被吸引　宋智孝為當魔女做了這挑戰演員宋智孝通過TVING原創韓劇《來魔女食堂吧마녀식당으로오세요》預告了神秘的變身引起了人們的關注今年夏天備受矚目的TVING原創韓劇《來魔女食堂吧》是一部奇幻劇講述了在能夠幫助人們實現噓星聞20210705160121雷／VOICE4反串殺人魔曝光竟是機智牢房的他宋承憲接下懸疑韓劇VOICE第4季在劇中與殺人犯鬥智鬥勇他一直擔心被拿來和之前主角張赫李陣郁做比較壓力大到做惡夢幸好播出後收視率穩定走高3日播出的第6集穩居同時段冠軍不枉費他於公於噓星聞20210704181802《機智醫生生活2》安政源張冬天情侶穿搭低調卻超甜回顧第一季中編劇就從穿搭埋下感情線隨著《機智醫生生活》第二季播出第一集編劇就獻上戲迷最期待的感情戲安政源與張冬天的愛情故事總算正式展開看著老實呆萌的冬天可以跟自己喜歡的政源談戀愛在急診室前的那一抱直接狙擊無數戲迷的心隱藏udnSTYLE20210704090000《上流戰爭3》惡女碩京又壞又會穿校服藏巧思衣服跟著黑化回顧韓智賢劇中經典穿搭去年開播的狗血劇《上流戰爭》目前已播至第三季劇情也漸漸變得不科學動不動就賜死要角然後再滿血歸來讓觀眾看到後來都直呼不能帶著正常的三觀收看除了三大凍齡女神主演之外孩子們的戲份也很有udnSTYLE20210703134007雷／想領便當還真不容易《上流戰爭3》又一女主角下線　羅根李確定敗部復活狗血劇《上流戰爭3》在昨天播出第五集第三季開始加入了許多新人物劇情也是反轉再反轉讓觀眾看得欲罷不能從第一季開始狗血劇教母金順玉編劇便時不時賜死主角像是第一季沈秀蓮被朱丹泰殺害在第二季udnSTYLE20210703115615《無法抗拒的他》韓韶禧髮型多變短髮稚嫩長髮魅惑中長髮優雅⋯根本是剪髮範本魅惑長髮當時在《夫婦的世界》劇中演出風情萬種的小三角色韓韶禧以一頭充滿光澤的波浪長髮造型登場私下也多為長髮造型還擔任了巴黎萊雅韓國髮品的形象大使除了黑髮之外也嘗試過許多髮色不管是大型的波浪udnSTYLE20210703090000賴雅妍宣布結婚要看另一半瘦身5公斤只為給他公主抱賴雅妍拍攝三立華八三隻小豬的逆襲超過4個月歷經防疫期間出外景口罩依舊戴好戴滿她和王傳一的親密戲灑滿粉紅色泡泡透露為了給他公主抱這幾個月來瘦了快5公斤感情空窗多時的她並不急著找另一半但是噓星聞20210702183103我的上流世界金瑞亨李寶英奢華珠寶堆砌貴婦日常熱播韓劇我的上流世界日前大結局有別於一般豪門現代宮鬥女性互相撕扯的狗血劇情劇中女性經歷各種艱辛最後拋下豪門包袱活出自我展現強大力量並以正面能量鼓勵女性實現自己受到網路好評熱議而設udnSTYLE20210701211002疫情別怕片荒AV帝王2機醫2成熱門話題新冠肺炎肆虐受三級警戒影響戲院雖苦無上映但在串流平台上卻是百花齊放近期在Netflix推出的日劇AV帝王第2季韓劇機智醫生生活第2季分別成為熱門話題讓觀眾在家也能欣賞到高品質噓星聞20210701192205池晟相隔14年再遇舊愛金玟廷惡魔法官改當勁敵韓劇惡魔法官1日在首爾舉辦新戲線上記者會池晟金玟廷朴珍榮以及朴珪瑛等主角群出席池晟金玟廷14年前曾在韓劇NewHeart扮演情侶此次再度相逢卻是演敵人池晟嘴甜誇讚金玟廷依舊美噓星聞20210701190401池晟相隔14年再遇舊愛金玟廷惡魔法官改當勁敵韓劇惡魔法官1日在首爾舉辦新戲線上記者會池晟金玟廷朴珍榮以及朴珪瑛等主角群出席池晟金玟廷14年前曾在韓劇NewHeart扮演情侶此次再度相逢卻是演敵人池晟嘴甜誇讚金玟廷依舊美udnSTYLE20210701190401《雖然是精神病但沒關係》每個壞掉的大人心裡都有一個受傷的孩子韓劇《雖然是精神病但沒關係》說的不只是愛情我們還看到父母影響孩子的軌跡近期討論度最高的韓劇《雖然是精神病但沒關係》故事講述由金秀賢飾演的精神病院護理師文鋼太從小父母雙亡獨自照顧著有自元氣網20210701185045有沒有金瑞亨才是男主角的掛《我的上流世界》華麗造型展現大嫂其實是大哥率性風範甫播出大結局的NETFLIX豪門狗血劇《我的上流世界》讓觀眾看得相當過癮捧紅了國民渣男李賢旭之外金瑞亨的潛在男一人設也在最後兩集大爆發展現大嫂其實是大哥的帥氣火力全開把精品穿上身其udnSTYLE20210701145003挑染閨蜜越看越圈粉《無法抗拒的他》光娜曾是李宰旭的初戀　還是朴敏英的好朋友上個月開播的漫改韓劇《無法抗拒的他》大家都看了嗎第一集就祭出超露骨的全裸雕像不僅嚇壞了女主角劉娜比韓素希飾也讓觀眾感受到了本劇的尺度沒想到第二集馬上開快車男女主角隨即展開吻戲中間還有udnSTYLE20210701125125熱門用愛拚國考英文原本一般般她兩年考上移民官台中今增2確診1飲料店員工染疫足跡包含中友百貨超商新冠確診增6死其中2名為30多歲男性微解封各縣市整理包一次看全台剩一地可餐飲內用海地總統遇刺／兇嫌來自4家傭兵公司聽命於外國人麥克猜你喜歡訂閱刊登廣告FAQ·客服授權服務·著作權·隱私權聲明聯合報系訂報紙我們網站總覽聯合線上公司著作權所有©2020,0.0,0.0,0.0,0.0,0.0,,0.0,,,0.0,0.0,0.0,0.0,0.0
